iteration,residual_K
1,1.5000000000e1
2,7.5000000000e0
3,4.6875000000e0
4,3.7500000000e0
5,2.8125000000e0
6,2.4169921875e0
7,2.0947265625e0
8,1.8328857422e0
9,1.6186523438e0
10,1.4416122437e0
11,1.2937402725e0
12,1.1689925194e0
13,1.0959175229e0
14,1.0283906758e0
15,9.6654301509e-1
16,9.0953637846e-1
17,8.5765239084e-1
18,8.0959249637e-1
19,7.6602724643e-1
20,7.2531710714e-1
21,6.8855381568e-1
22,6.5382895939e-1
23,6.2260058180e-1
24,5.9321027101e-1
25,5.7189832030e-1
26,5.5268086097e-1
27,5.3314859310e-1
28,5.1574575681e-1
29,4.9789108565e-1
30,4.8215033448e-1
31,4.6584284054e-1
32,4.5160106142e-1
33,4.3670329123e-1
34,4.2380191951e-1
35,4.1018005957e-1
36,3.9847200926e-1
37,3.8600090899e-1
38,3.7535319690e-1
39,3.6391838181e-1
40,3.5421253135e-1
41,3.4590545665e-1
42,3.3742855684e-1
43,3.3054368591e-1
44,3.2255009423e-1
45,3.1609418737e-1
46,3.0856324445e-1
47,3.0250963732e-1
48,2.9541809346e-1
49,2.8973989000e-1
50,2.8306334281e-1
51,2.7773426791e-1
52,2.7144811754e-1
53,2.6644302433e-1
54,2.6052309754e-1
55,2.5581824748e-1
56,2.5024119374e-1
57,2.4581438844e-1
58,2.4055791914e-1
59,2.3638853652e-1
60,2.3143155675e-1
61,2.2750052692e-1
62,2.2408238443e-1
63,2.2005352727e-1
64,2.1706555502e-1
65,2.1321294672e-1
66,2.1035256882e-1
67,2.0666939253e-1
68,2.0393087059e-1
69,2.0041010323e-1
70,1.9778771001e-1
71,1.9442226698e-1
72,1.9191036747e-1
73,1.8869320934e-1
74,1.8628631719e-1
75,1.8321052728e-1
76,1.8090334272e-1
77,1.7796218243e-1
78,1.7574961647e-1
79,1.7293656349e-1
80,1.7081375200e-1
81,1.6812252559e-1
82,1.6608483583e-1
83,1.6350941218e-1
84,1.6155244393e-1
85,1.5908706412e-1
86,1.5720664692e-1
87,1.5535287720e-1
88,1.5323718368e-1
89,1.5175140625e-1
90,1.4970952569e-1
91,1.4826863969e-1
92,1.4629799413e-1
93,1.4490052020e-1
94,1.4299854554e-1
95,1.4164300306e-1
96,1.3980716658e-1
97,1.3849208563e-1
98,1.3671989952e-1
99,1.3544383020e-1
100,1.3373286191e-1
101,1.3249438149e-1
102,1.3084226137e-1
103,1.2963997968e-1
104,1.2804440659e-1
105,1.2687697000e-1
106,1.2533571506e-1
107,1.2420180937e-1
108,1.2271271848e-1
109,1.2161107077e-1
110,1.2017206590e-1
111,1.1910144581e-1
112,1.1771052545e-1
113,1.1666974573e-1
114,1.1532498462e-1
115,1.1431290130e-1
116,1.1305042512e-1
117,1.1202796174e-1
118,1.1102883077e-1
119,1.0986292152e-1
120,1.0905815728e-1
121,1.0792462373e-1
122,1.0713691673e-1
123,1.0603474021e-1
124,1.0526363996e-1
125,1.0419182348e-1
126,1.0343688146e-1
127,1.0239445145e-1
128,1.0165522312e-1
129,1.0064123084e-1
130,9.9917277232e-2
131,9.8930799746e-2
132,9.8221688877e-2
133,9.7261829713e-2
134,9.6567137617e-2
135,9.5633027159e-2
136,9.4952338766e-2
137,9.4043134430e-2
138,9.3376044230e-2
139,9.2490930440e-2
140,9.1837042993e-2
141,9.0975231014e-2
142,9.0334161312e-2
143,8.9494888949e-2
144,8.8866262672e-2
145,8.8048793871e-2
146,8.7432247537e-2
147,8.6635871895e-2
148,8.6031052927e-2
149,8.5255085143e-2
150,8.4661651868e-2
151,8.3905431141e-2
152,8.3323052724e-2
153,8.2585942107e-2
154,8.2014298446e-2
155,8.1295684180e-2
156,8.0734465751e-2
157,8.0047311496e-2
158,7.9482664243e-2
159,7.8895231153e-2
160,7.8258035502e-2
161,7.7764400005e-2
162,7.7120831052e-2
163,7.6654318135e-2
164,7.6024542475e-2
165,7.5564496935e-2
166,7.4948159176e-2
167,7.4494459302e-2
168,7.3891213852e-2
169,7.3443739756e-2
170,7.2853250704e-2
171,7.2411884480e-2
172,7.1833825459e-2
173,7.1398451305e-2
174,7.0832505333e-2
175,7.0403009650e-2
176,6.9848868942e-2
177,6.9425140408e-2
178,6.8882506187e-2
179,6.8464435806e-2
180,6.7933018094e-2
181,6.7520499232e-2
182,6.7000016637e-2
183,6.6592945039e-2
184,6.6083124536e-2
185,6.5681398332e-2
186,6.5181975033e-2
187,6.4785494733e-2
188,6.4296211666e-2
189,6.3904880143e-2
190,6.3425488021e-2
191,6.3039210486e-2
192,6.2569467484e-2
193,6.2188151458e-2
194,6.1727822982e-2
195,6.1351378261e-2
196,6.0900236729e-2
197,6.0528575342e-2
198,6.0086399962e-2
199,5.9719436127e-2
200,5.9286012682e-2
201,5.8923662762e-2
202,5.8498783395e-2
203,5.8140965845e-2
204,5.7724428857e-2
205,5.7371064178e-2
206,5.6962673819e-2
207,5.6613684503e-2
208,5.6213250780e-2
209,5.5868561258e-2
210,5.5475899739e-2
211,5.5135436331e-2
212,5.4750367960e-2
213,5.4414058821e-2
214,5.4036409736e-2
215,5.3704184801e-2
216,5.3333786161e-2
217,5.3005577097e-2
218,5.2642264908e-2
219,5.2318005059e-2
220,5.1961620011e-2
221,5.1641244352e-2
222,5.1291631661e-2
223,5.0975076742e-2
224,5.0632085994e-2
225,5.0319289899e-2
226,4.9982774901e-2
227,4.9739677220e-2
228,4.9484110748e-2
229,4.9270673224e-2
230,4.9020154241e-2
231,4.8808683712e-2
232,4.8563096861e-2
233,4.8353562357e-2
234,4.8112795386e-2
235,4.7905166115e-2
236,4.7669109778e-2
237,4.7463355157e-2
238,4.7231903134e-2
239,4.7027992823e-2
240,4.6801041629e-2
241,4.6598945560e-2
242,4.6376394461e-2
243,4.6176082864e-2
244,4.5957833797e-2
245,4.5759277223e-2
246,4.5545234716e-2
247,4.5348404060e-2
248,4.5138475153e-2
249,4.4943341668e-2
250,4.4737435842e-2
251,4.4543971162e-2
252,4.4342000262e-2
253,4.4150176411e-2
254,4.3952054578e-2
255,4.3761843984e-2
256,4.3567487584e-2
257,4.3378863093e-2
258,4.3188190652e-2
259,4.3001125535e-2
260,4.2814057675e-2
261,4.2628525635e-2
262,4.2444985010e-2
263,4.2260960191e-2
264,4.2080871426e-2
265,4.1898328417e-2
266,4.1721618051e-2
267,4.1540531891e-2
268,4.1367128319e-2
269,4.1187474501e-2
270,4.1017307919e-2
271,4.0839062388e-2
272,4.0672064739e-2
273,4.0495203900e-2
274,4.0331308823e-2
275,4.0155809537e-2
276,3.9994952318e-2
277,3.9821681450e-2
278,3.9662909421e-2
279,3.9493466954e-2
280,3.9335096341e-2
281,3.9169379863e-2
282,3.9011431241e-2
283,3.8849341237e-2
284,3.8693532203e-2
285,3.8538313941e-2
286,3.8395441166e-2
287,3.8242795470e-2
288,3.8100746975e-2
289,3.7950625877e-2
290,3.7809390793e-2
291,3.7661747353e-2
292,3.7521314966e-2
293,3.7376103246e-2
294,3.7236462999e-2
295,3.7093638041e-2
296,3.6954779543e-2
297,3.6814297341e-2
298,3.6676210371e-2
299,3.6538027853e-2
300,3.6400702361e-2
301,3.6264777361e-2
302,3.6128203476e-2
303,3.5994494715e-2
304,3.5858662744e-2
305,3.5727129808e-2
306,3.5592030240e-2
307,3.5462633557e-2
308,3.5328257064e-2
309,3.5200957888e-2
310,3.5067295326e-2
311,3.4942055711e-2
312,3.4809098122e-2
313,3.4685880908e-2
314,3.4553619520e-2
315,3.4432388310e-2
316,3.4300814536e-2
317,3.4181533682e-2
318,3.4050639122e-2
319,3.3933273702e-2
320,3.3803050141e-2
321,3.3687565945e-2
322,3.3558005352e-2
323,3.3444368865e-2
324,3.3315463390e-2
325,3.3203641774e-2
326,3.3075383754e-2
327,3.2965344833e-2
328,3.2837726781e-2
329,3.2729439024e-2
330,3.2602453635e-2
331,3.2495886143e-2
332,3.2369526287e-2
333,3.2264648777e-2
334,3.2138907498e-2
335,3.2035690290e-2
336,3.1910560806e-2
337,3.1808974804e-2
338,3.1684450504e-2
339,3.1584467190e-2
340,3.1461483559e-2
341,3.1362133043e-2
342,3.1241018517e-2
343,3.1141938673e-2
344,3.1022650965e-2
345,3.0923851090e-2
346,3.0806348989e-2
347,3.0707837983e-2
348,3.0592081330e-2
349,3.0493867713e-2
350,3.0379817369e-2
351,3.0281909293e-2
352,3.0175344945e-2
353,3.0071932374e-2
354,2.9976621581e-2
355,2.9872522105e-2
356,2.9779581418e-2
357,2.9675832903e-2
358,2.9584201596e-2
359,2.9480802294e-2
360,2.9390459681e-2
361,2.9287407905e-2
362,2.9198333661e-2
363,2.9095627784e-2
364,2.9007801935e-2
365,2.8905440388e-2
366,2.8818843306e-2
367,2.8716824579e-2
368,2.8631436975e-2
369,2.8529759616e-2
370,2.8445562533e-2
371,2.8344225148e-2
372,2.8261199953e-2
373,2.8160201202e-2
374,2.8078329584e-2
375,2.7977668183e-2
376,2.7896932144e-2
377,2.7796606863e-2
378,2.7716988711e-2
379,2.7616998372e-2
380,2.7538480718e-2
381,2.7438824196e-2
382,2.7361389947e-2
383,2.7262066165e-2
384,2.7185698519e-2
385,2.7086706450e-2
386,2.7011388889e-2
387,2.6912727554e-2
388,2.6838443840e-2
389,2.6740112308e-2
390,2.6666846477e-2
391,2.6568843859e-2
392,2.6496580217e-2
393,2.6398905672e-2
394,2.6327628788e-2
395,2.6230281515e-2
396,2.6159976218e-2
397,2.6062955457e-2
398,2.5993606832e-2
399,2.5896911865e-2
400,2.5828505243e-2
401,2.5732135389e-2
402,2.5664656351e-2
403,2.5568610967e-2
404,2.5502045330e-2
405,2.5406323810e-2
406,2.5340657630e-2
407,2.5245259402e-2
408,2.5180478965e-2
409,2.5085403490e-2
410,2.5021495312e-2
411,2.4926742083e-2
412,2.4863692901e-2
413,2.4769261443e-2
414,2.4707058216e-2
415,2.4612948082e-2
416,2.4551577982e-2
417,2.4458238358e-2
418,2.4397239167e-2
419,2.4304836257e-2
420,2.4244028972e-2
421,2.4152546636e-2
422,2.4091934827e-2
423,2.4001357299e-2
424,2.3940944391e-2
425,2.3851256262e-2
426,2.3791045538e-2
427,2.3702231754e-2
428,2.3642226360e-2
429,2.3557780124e-2
430,2.3494475161e-2
431,2.3416242282e-2
432,2.3347780448e-2
433,2.3275627546e-2
434,2.3202130933e-2
435,2.3135927234e-2
436,2.3057515524e-2
437,2.2997132803e-2
438,2.2915949174e-2
439,2.2859235851e-2
440,2.2778264575e-2
441,2.2722228110e-2
442,2.2641470370e-2
443,2.2586101448e-2
444,2.2505558416e-2
445,2.2450847860e-2
446,2.2370520700e-2
447,2.2316459471e-2
448,2.2236349339e-2
449,2.2182928530e-2
450,2.2103036571e-2
451,2.2050247411e-2
452,2.1970574759e-2
453,2.1918408607e-2
454,2.1838956386e-2
455,2.1787404727e-2
456,2.1708174050e-2
457,2.1657228499e-2
458,2.1578220468e-2
459,2.1527872760e-2
460,2.1449088466e-2
461,2.1399330462e-2
462,2.1320770981e-2
463,2.1271594661e-2
464,2.1193261060e-2
465,2.1144658523e-2
466,2.1066551854e-2
467,2.1018515316e-2
468,2.0940636618e-2
469,2.0893158409e-2
470,2.0815508708e-2
471,2.0768581272e-2
472,2.0691161580e-2
473,2.0644777473e-2
474,2.0567588789e-2
475,2.0521740674e-2
476,2.0444783981e-2
477,2.0399464632e-2
478,2.0322740898e-2
479,2.0277943194e-2
480,2.0201453375e-2
481,2.0157170299e-2
482,2.0080915332e-2
483,2.0037139971e-2
484,1.9961120780e-2
485,1.9917846321e-2
486,1.9842063815e-2
487,1.9799283546e-2
488,1.9723738615e-2
489,1.9681445923e-2
490,1.9606139443e-2
491,1.9564327809e-2
492,1.9489260641e-2
493,1.9447923644e-2
494,1.9373096629e-2
495,1.9332227939e-2
496,1.9257641905e-2
497,1.9217235287e-2
498,1.9142891043e-2
499,1.9102940351e-2
500,1.9028838690e-2
501,1.8989337868e-2
502,1.8915479564e-2
503,1.8876422644e-2
504,1.8802808457e-2
505,1.8764189559e-2
506,1.8690820228e-2
507,1.8652633555e-2
508,1.8579509805e-2
509,1.8541749645e-2
510,1.8468872181e-2
511,1.8431532905e-2
512,1.8358902416e-2
513,1.8321978477e-2
514,1.8249595632e-2
515,1.8213081563e-2
516,1.8141054313e-2
517,1.8104837427e-2
518,1.8033325198e-2
519,1.7997241393e-2
520,1.7926238502e-2
521,1.7890288845e-2
522,1.7819789710e-2
523,1.7783975222e-2
524,1.7713974365e-2
525,1.7678296020e-2
526,1.7608788064e-2
527,1.7573246792e-2
528,1.7504226454e-2
529,1.7468823142e-2
530,1.7401704740e-2
531,1.7365020729e-2
532,1.7300867653e-2
533,1.7261835262e-2
534,1.7200589115e-2
535,1.7159262502e-2
536,1.7100865911e-2
537,1.7057298259e-2
538,1.7001694855e-2
539,1.6955938393e-2
540,1.6903072794e-2
541,1.6855178809e-2
542,1.6804996604e-2
543,1.6755015461e-2
544,1.6707463192e-2
545,1.6655444348e-2
546,1.6610469490e-2
547,1.6556461512e-2
548,1.6514012462e-2
549,1.6458063042e-2
550,1.6418089099e-2
551,1.6360245068e-2
552,1.6322696417e-2
553,1.6263003763e-2
554,1.6227831460e-2
555,1.6166335341e-2
556,1.6133491299e-2
557,1.6071362560e-2
558,1.6039673028e-2
559,1.5977752697e-2
560,1.5946373768e-2
561,1.5884662646e-2
562,1.5853590664e-2
563,1.5792089530e-2
564,1.5761320884e-2
565,1.5700030492e-2
566,1.5669561620e-2
567,1.5608482701e-2
568,1.5578310087e-2
569,1.5517443348e-2
570,1.5487563524e-2
571,1.5426909649e-2
572,1.5397319189e-2
573,1.5336878840e-2
574,1.5307574365e-2
575,1.5247348179e-2
576,1.5218326354e-2
577,1.5158314947e-2
578,1.5129572480e-2
579,1.5069776445e-2
580,1.5041310088e-2
581,1.4981729995e-2
582,1.4953536541e-2
583,1.4894172939e-2
584,1.4866249223e-2
585,1.4807102639e-2
586,1.4779445539e-2
587,1.4720516478e-2
588,1.4693122909e-2
589,1.4634411856e-2
590,1.4607278776e-2
591,1.4548786192e-2
592,1.4521910598e-2
593,1.4463636926e-2
594,1.4437015854e-2
595,1.4378961514e-2
596,1.4352592036e-2
597,1.4294757429e-2
598,1.4268636659e-2
599,1.4211022165e-2
600,1.4185147252e-2
601,1.4127753230e-2
602,1.4102121359e-2
603,1.4044948150e-2
604,1.4019556545e-2
605,1.3962604469e-2
606,1.3937450387e-2
607,1.3880719745e-2
608,1.3855800481e-2
609,1.3799291554e-2
610,1.3774604436e-2
611,1.3718317487e-2
612,1.3693859878e-2
613,1.3637795150e-2
614,1.3613564448e-2
615,1.3557722167e-2
616,1.3533715801e-2
617,1.3478096174e-2
618,1.3454311609e-2
619,1.3398914823e-2
620,1.3375349554e-2
621,1.3320175782e-2
622,1.3296827337e-2
623,1.3241876731e-2
624,1.3218742671e-2
625,1.3164015365e-2
626,1.3141093280e-2
627,1.3086589394e-2
628,1.3063876907e-2
629,1.3009596541e-2
630,1.2987091304e-2
631,1.2933034543e-2
632,1.2910734238e-2
633,1.2856901150e-2
634,1.2834803489e-2
635,1.2781194124e-2
636,1.2759296848e-2
637,1.2705911242e-2
638,1.2684212122e-2
639,1.2631050293e-2
640,1.2609547126e-2
641,1.2556609079e-2
642,1.2535299692e-2
643,1.2482585413e-2
644,1.2461467660e-2
645,1.2408977123e-2
646,1.2388048884e-2
647,1.2335782046e-2
648,1.2315041230e-2
649,1.2262998033e-2
650,1.2242442575e-2
651,1.2190622946e-2
652,1.2170250806e-2
653,1.2118654660e-2
654,1.2098463825e-2
655,1.2047091060e-2
656,1.2027079541e-2
657,1.1975990509e-2
658,1.1956095877e-2
659,1.1905316669e-2
660,1.1885510766e-2
661,1.1835039248e-2
662,1.1815322151e-2
663,1.1765156211e-2
664,1.1745527987e-2
665,1.1695665535e-2
666,1.1676126239e-2
667,1.1626565206e-2
668,1.1607114882e-2
669,1.1557853221e-2
670,1.1538491901e-2
671,1.1489527585e-2
672,1.1470255293e-2
673,1.1421586316e-2
674,1.1402403064e-2
675,1.1354027438e-2
676,1.1334933228e-2
677,1.1286848987e-2
678,1.1267843813e-2
679,1.1220049008e-2
680,1.1201132854e-2
681,1.1153625556e-2
682,1.1134798395e-2
683,1.1087576694e-2
684,1.1068838492e-2
685,1.1021900497e-2
686,1.1003251209e-2
687,1.0956595044e-2
688,1.0938034620e-2
689,1.0891658430e-2
690,1.0873186808e-2
691,1.0827088753e-2
692,1.0808705865e-2
693,1.0762884124e-2
694,1.0744589892e-2
695,1.0699042660e-2
696,1.0680837000e-2
697,1.0635562488e-2
698,1.0617445309e-2
699,1.0572441745e-2
700,1.0554412947e-2
701,1.0509678575e-2
702,1.0491738051e-2
703,1.0447271130e-2
704,1.0429418768e-2
705,1.0385217574e-2
706,1.0367453251e-2
707,1.0323516074e-2
708,1.0305839665e-2
709,1.0262488422e-2
710,1.0244576182e-2
711,1.0202112142e-2
712,1.0183660982e-2
713,1.0142069272e-2
714,1.0123092254e-2
715,1.0082358237e-2
716,1.0062868195e-2
717,1.0022977468e-2
718,1.0002987011e-2
719,9.9639254000e-3
720,9.9434469157e-3
721,9.9052004730e-3
722,9.8842461319e-3
723,9.8468011317e-3
724,9.8253828895e-3
725,9.7887258253e-3
726,9.7668554268e-3
727,9.7309730074e-3
728,9.7086619908e-3
729,9.6735411369e-3
730,9.6508008355e-3
731,9.6164286764e-3
732,9.5932702235e-3
733,9.5596340938e-3
734,9.5360684251e-3
735,9.5031558616e-3
736,9.4791937187e-3
737,9.4469924568e-3
738,9.4226443902e-3
739,9.3911423611e-3
740,9.3664187334e-3
741,9.3356040608e-3
742,9.3105150499e-3
743,9.2803760471e-3
744,9.2549316489e-3
745,9.2254568157e-3
746,9.1996668475e-3
747,9.1708448670e-3
748,9.1447189697e-3
749,9.1165387061e-3
750,9.0900863477e-3
751,9.0625368429e-3
752,9.0357673213e-3
753,9.0088377918e-3
754,8.9817602372e-3
755,8.9554400722e-3
756,8.9280634501e-3
757,8.9023422082e-3
758,8.8746753218e-3
759,8.8495427283e-3
760,8.8215942217e-3
761,8.7970401661e-3
762,8.7688185263e-3
763,8.7448330598e-3
764,8.7163466195e-3
765,8.6929199523e-3
766,8.6641768925e-3
767,8.6412993912e-3
768,8.6123077439e-3
769,8.5899699295e-3
770,8.5607375793e-3
771,8.5389301240e-3
772,8.5094648114e-3
773,8.4881785370e-3
774,8.4584878602e-3
775,8.4377137353e-3
776,8.4078051528e-3
777,8.3875342905e-3
778,8.3574151236e-3
779,8.3376387792e-3
780,8.3073162135e-3
781,8.2880257826e-3
782,8.2575068709e-3
783,8.2386938868e-3
784,8.2079855511e-3
785,8.1896416827e-3
786,8.1587507162e-3
787,8.1408677661e-3
788,8.1098008355e-3
789,8.0923707377e-3
790,8.0611343850e-3
791,8.0441492028e-3
792,8.0127498477e-3
793,7.9962017719e-3
794,7.9646457136e-3
795,7.9485270600e-3
796,7.9168204791e-3
797,7.9011236872e-3
798,7.8692726480e-3
799,7.8539902784e-3
800,7.8220007302e-3
801,7.8071254634e-3
802,7.7750032432e-3
803,7.7605278771e-3
804,7.7282787106e-3
805,7.7141961586e-3
806,7.6818256628e-3
807,7.6681289527e-3
808,7.6356426371e-3
809,7.6223249085e-3
810,7.5897281772e-3
811,7.5767826805e-3
812,7.5440808337e-3
813,7.5315009277e-3
814,7.4986991638e-3
815,7.4864783143e-3
816,7.4535817311e-3
817,7.4417135093e-3
818,7.4087271061e-3
819,7.3972051865e-3
820,7.3643384293e-3
821,7.3529520249e-3
822,7.3202558856e-3
823,7.3089527081e-3
824,7.2764266096e-3
825,7.2652059249e-3
826,7.2328492870e-3
827,7.2217103690e-3
828,7.1895226088e-3
829,7.1784647388e-3
830,7.1464452708e-3
831,7.1354677382e-3
832,7.1036159739e-3
833,7.0927180751e-3
834,7.0610334239e-3
835,7.0502144633e-3
836,7.0186963320e-3
837,7.0079556211e-3
838,6.9766034142e-3
839,6.9659402718e-3
840,6.9347533912e-3
841,6.9241671436e-3
842,6.8931449895e-3
843,6.8826349697e-3
844,6.8517769400e-3
845,6.8413424883e-3
846,6.8106479789e-3
847,6.8002884425e-3
848,6.7697568475e-3
849,6.7594715805e-3
850,6.7291022919e-3
851,6.7188906551e-3
852,6.6886830635e-3
853,6.6785444245e-3
854,6.6484979185e-3
855,6.6384316515e-3
856,6.6085456184e-3
857,6.5985511041e-3
858,6.5688249294e-3
859,6.5589015551e-3
860,6.5293346231e-3
861,6.5194817823e-3
862,6.4900734757e-3
863,6.4802905683e-3
864,6.4510402689e-3
865,6.4413267011e-3
866,6.4122337891e-3
867,6.4025889733e-3
868,6.3736528278e-3
869,6.3640761823e-3
870,6.3352961816e-3
871,6.3257871308e-3
872,6.2971626519e-3
873,6.2877206265e-3
874,6.2592510455e-3
875,6.2498754814e-3
876,6.2215601739e-3
877,6.2122505133e-3
878,6.1840888536e-3
879,6.1748445443e-3
880,6.1468359062e-3
881,6.1376564016e-3
882,6.1098001584e-3
883,6.1006849176e-3
884,6.0729804416e-3
885,6.0639289292e-3
886,6.0363755925e-3
887,6.0273872786e-3
888,5.9999844526e-3
889,5.9910588128e-3
890,5.9638058684e-3
891,5.9549423834e-3
892,5.9278386915e-3
893,5.9190368474e-3
894,5.8920817783e-3
895,5.8833410665e-3
896,5.8565339903e-3
897,5.8478539073e-3
898,5.8211941938e-3
899,5.8125742410e-3
900,5.7860612602e-3
901,5.7775009444e-3
902,5.7511340657e-3
903,5.7426328984e-3
904,5.7164114916e-3
905,5.7079689894e-3
906,5.6818924241e-3
907,5.6735081083e-3
908,5.6475757543e-3
909,5.6392491510e-3
910,5.6134603782e-3
911,5.6051910184e-3
912,5.5795451966e-3
913,5.5713326160e-3
914,5.5458291154e-3
915,5.5376728541e-3
916,5.5123110454e-3
917,5.5042106483e-3
918,5.4789899021e-3
919,5.4709449184e-3
920,5.4458646060e-3
921,5.4378745896e-3
922,5.4129340824e-3
923,5.4049985917e-3
924,5.3801972617e-3
925,5.3723158592e-3
926,5.3476530790e-3
927,5.3398253315e-3
928,5.3153004740e-3
929,5.3075259528e-3
930,5.2831383916e-3
931,5.2754166722e-3
932,5.2511657814e-3
933,5.2434964434e-3
934,5.2193815979e-3
935,5.2117642250e-3
936,5.1877848003e-3
937,5.1802189802e-3
938,5.1563743526e-3
939,5.1488596772e-3
940,5.1251492237e-3
941,5.1176852887e-3
942,5.0941083869e-3
943,5.0866947922e-3
944,5.0632508210e-3
945,5.0558871702e-3
946,5.0325755091e-3
947,5.0252614096e-3
948,5.0020814387e-3
949,4.9948165019e-3
950,4.9717701687e-3
951,4.9645514438e-3
952,4.9416422884e-3
953,4.9344652363e-3
954,4.9116924548e-3
955,4.9045568852e-3
956,4.8819196782e-3
957,4.8748254009e-3
958,4.8523229735e-3
959,4.8452697985e-3
960,4.8229013609e-3
961,4.8158890978e-3
962,4.7936538643e-3
963,4.7866823231e-3
964,4.7645795130e-3
965,4.7576485036e-3
966,4.7356773402e-3
967,4.7287866728e-3
968,4.7069463845e-3
969,4.7000958688e-3
970,4.6783856881e-3
971,4.6715751348e-3
972,4.6499942987e-3
973,4.6432235179e-3
974,4.6217712679e-3
975,4.6150400703e-3
976,4.5937156522e-3
977,4.5870238484e-3
978,4.5658265126e-3
979,4.5591739134e-3
980,4.5381029142e-3
981,4.5314893309e-3
982,4.5105439274e-3
983,4.5039691712e-3
984,4.4831486264e-3
985,4.4766125087e-3
986,4.4559160901e-3
987,4.4494184227e-3
988,4.4288454021e-3
989,4.4223859969e-3
990,4.4019356500e-3
991,4.3955143194e-3
992,4.3751859264e-3
993,4.3688024830e-3
994,4.3485953281e-3
995,4.3422495844e-3
996,4.3221629560e-3
997,4.3158547255e-3
998,4.2958879160e-3
999,4.2896170119e-3
1000,4.2697693179e-3
1001,4.2635355539e-3
1002,4.2438062763e-3
1003,4.2376094665e-3
1004,4.2179979097e-3
1005,4.2118378687e-3
1006,4.1923433415e-3
1007,4.1862198840e-3
1008,4.1668416991e-3
1009,4.1607546403e-3
1010,4.1414921143e-3
1011,4.1354412697e-3
1012,4.1162937233e-3
1013,4.1102789088e-3
1014,4.0912456665e-3
1015,4.0852666985e-3
1016,4.0663470888e-3
1017,4.0604037840e-3
1018,4.0415971392e-3
1019,4.0356893148e-3
1020,4.0169949710e-3
1021,4.0111224444e-3
1022,3.9925397417e-3
1023,3.9867023310e-3
1024,3.9682306131e-3
1025,3.9624281368e-3
1026,3.9440667515e-3
1027,3.9382990285e-3
1028,3.9200473269e-3
1029,3.9143141767e-3
1030,3.8961715139e-3
1031,3.8904727561e-3
1032,3.8724384912e-3
1033,3.8667739462e-3
1034,3.8488474415e-3
1035,3.8432169301e-3
1036,3.8253975521e-3
1037,3.8198008955e-3
1038,3.8020880138e-3
1039,3.7965250340e-3
1040,3.7789180221e-3
1041,3.7733885412e-3
1042,3.7558867763e-3
1043,3.7503906172e-3
1044,3.7329934801e-3
1045,3.7275304660e-3
1046,3.7102373408e-3
1047,3.7048072957e-3
1048,3.6876175703e-3
1049,3.6822203185e-3
1050,3.6651333843e-3
1051,3.6597687507e-3
1052,3.6427840026e-3
1053,3.6374518127e-3
1054,3.6205686491e-3
1055,3.6152687287e-3
1056,3.5984865515e-3
1057,3.5932187273e-3
1058,3.5765369416e-3
1059,3.5713010407e-3
1060,3.5547190554e-3
1061,3.5495149054e-3
1062,3.5330321326e-3
1063,3.5278595619e-3
1064,3.5114754171e-3
1065,3.5063342544e-3
1066,3.4900481566e-3
1067,3.4849382313e-3
1068,3.4687496027e-3
1069,3.4636707447e-3
1070,3.4475790111e-3
1071,3.4425310510e-3
1072,3.4265356410e-3
1073,3.4215184100e-3
1074,3.4056187560e-3
1075,3.4006320859e-3
1076,3.3848276233e-3
1077,3.3798713463e-3
1078,3.3641615141e-3
1079,3.3592354631e-3
1080,3.3436197031e-3
1081,3.3387237118e-3
1082,3.3232014692e-3
1083,3.3183353718e-3
1084,3.3029060950e-3
1085,3.2980697260e-3
1086,3.2827328669e-3
1087,3.2779260617e-3
1088,3.2626810749e-3
1089,3.2579036697e-3
1090,3.2427500130e-3
1091,3.2380018446e-3
1092,3.2229389791e-3
1093,3.2182198844e-3
1094,3.2032472745e-3
1095,3.1985570914e-3
1096,3.1836742042e-3
1097,3.1790127713e-3
1098,3.1642190772e-3
1099,3.1595862337e-3
1100,3.1448812061e-3
1101,3.1402767917e-3
1102,3.1256599071e-3
1103,3.1210837622e-3
1104,3.1065545000e-3
1105,3.1020064656e-3
1106,3.0875643085e-3
1107,3.0830442262e-3
1108,3.0686886595e-3
1109,3.0641963719e-3
1110,3.0499268841e-3
1111,3.0454622340e-3
1112,3.0312783165e-3
1113,3.0268411476e-3
1114,3.0127422949e-3
1115,3.0083324514e-3
1116,2.9943181606e-3
1117,2.9899354874e-3
1118,2.9760052590e-3
1119,2.9716496017e-3
1120,2.9578029385e-3
1121,2.9534741433e-3
1122,2.9397105515e-3
1123,2.9354084653e-3
1124,2.9217274536e-3
1125,2.9174519238e-3
1126,2.9038530040e-3
1127,2.8996038790e-3
1128,2.8860865655e-3
1129,2.8818636939e-3
1130,2.8684275039e-3
1131,2.8642307354e-3
1132,2.8508751893e-3
1133,2.8467043740e-3
1134,2.8334289945e-3
1135,2.8292839831e-3
1136,2.8160882960e-3
1137,2.8119689401e-3
1138,2.7988524735e-3
1139,2.7947586253e-3
1140,2.7817209106e-3
1141,2.7776524227e-3
1142,2.7646929938e-3
1143,2.7606497197e-3
1144,2.7477681130e-3
1145,2.7437499068e-3
1146,2.7309456618e-3
1147,2.7269523782e-3
1148,2.7142250366e-3
1149,2.7102565313e-3
1150,2.6976056376e-3
1151,2.6936617666e-3
1152,2.6810868682e-3
1153,2.6771674881e-3
1154,2.6646681348e-3
1155,2.6607731031e-3
1156,2.6483488473e-3
1157,2.6444780220e-3
1158,2.6321284190e-3
1159,2.6282816590e-3
1160,2.6160062661e-3
1161,2.6121834307e-3
1162,2.5999818083e-3
1163,2.5961827577e-3
1164,2.5840544685e-3
1165,2.5802790634e-3
1166,2.5682236725e-3
1167,2.5644717741e-3
1168,2.5524888497e-3
1169,2.5487603202e-3
1170,2.5368494325e-3
1171,2.5331441345e-3
1172,2.5213048563e-3
1173,2.5176226533e-3
1174,2.5058545598e-3
1175,2.5021953157e-3
1176,2.4904979849e-3
1177,2.4868615644e-3
1178,2.4752345764e-3
1179,2.4716208449e-3
1180,2.4600637823e-3
1181,2.4564726058e-3
1182,2.4449850538e-3
1183,2.4414162990e-3
1184,2.4299978451e-3
1185,2.4264513791e-3
1186,2.4151016132e-3
1187,2.4115773041e-3
1188,2.4002958186e-3
1189,2.3967935349e-3
1190,2.3855799244e-3
1191,2.3820995355e-3
1192,2.3709533970e-3
1193,2.3674947727e-3
1194,2.3564157055e-3
1195,2.3529787165e-3
1196,2.3419663225e-3
1197,2.3385508398e-3
1198,2.3276047228e-3
1199,2.3242106184e-3
1200,2.3133303850e-3
1201,2.3099575313e-3
1202,2.2991427899e-3
1203,2.2957910602e-3
1204,2.2850414218e-3
1205,2.2817106899e-3
1206,2.2710257675e-3
1207,2.2677159076e-3
1208,2.2570953169e-3
1209,2.2538062042e-3
1210,2.2432495628e-3
1211,2.2399810729e-3
1212,2.2294880007e-3
1213,2.2262400101e-3
1214,2.2158101290e-3
1215,2.2125825147e-3
1216,2.2022154492e-3
1217,2.1990080888e-3
1218,2.1887034653e-3
1219,2.1855162370e-3
1220,2.1752736843e-3
1221,2.1721064670e-3
1222,2.1619256158e-3
1223,2.1587782892e-3
1224,2.1486587726e-3
1225,2.1455312166e-3
1226,2.1354726697e-3
1227,2.1323647651e-3
1228,2.1223668252e-3
1229,2.1192784536e-3
1230,2.1093407601e-3
1231,2.1062718032e-3
1232,2.0963939976e-3
1233,2.0933443382e-3
1234,2.0835260641e-3
1235,2.0804955856e-3
1236,2.0707364885e-3
1237,2.0677250747e-3
1238,2.0580248025e-3
1239,2.0550323379e-3
1240,2.0453905404e-3
1241,2.0424169101e-3
1242,2.0328332391e-3
1243,2.0298783288e-3
1244,2.0203524381e-3
1245,2.0174161343e-3
1246,2.0079476799e-3
1247,2.0050298694e-3
1248,1.9956185092e-3
1249,1.9927190796e-3
1250,1.9833644734e-3
1251,1.9804833129e-3
1252,1.9711851227e-3
1253,1.9683221201e-3
1254,1.9590800097e-3
1255,1.9562350544e-3
1256,1.9470486898e-3
1257,1.9442216715e-3
1258,1.9350907204e-3
1259,1.9322815300e-3
1260,1.9232056621e-3
1261,1.9204141906e-3
1262,1.9113930776e-3
1263,1.9086192168e-3
1264,1.8996525324e-3
1265,1.8968961746e-3
1266,1.8879835941e-3
1267,1.8852446324e-3
1268,1.8763858334e-3
1269,1.8736641613e-3
1270,1.8648588229e-3
1271,1.8621543344e-3
1272,1.8534021381e-3
1273,1.8507147279e-3
1274,1.8420153564e-3
1275,1.8393449199e-3
1276,1.8306980583e-3
1277,1.8280444913e-3
1278,1.8194498262e-3
1279,1.8168130251e-3
1280,1.8082702452e-3
1281,1.8056501071e-3
1282,1.7971589027e-3
1283,1.7945553253e-3
1284,1.7861153886e-3
1285,1.7835282699e-3
1286,1.7751392950e-3
1287,1.7725685338e-3
1288,1.7642302165e-3
1289,1.7616757121e-3
1290,1.7533877499e-3
1291,1.7508494022e-3
1292,1.7426114946e-3
1293,1.7400892038e-3
1294,1.7319010521e-3
1295,1.7293947195e-3
1296,1.7212560263e-3
1297,1.7187655532e-3
1298,1.7106760232e-3
1299,1.7082013119e-3
1300,1.7001606515e-3
1301,1.6977016045e-3
1302,1.6897095219e-3
1303,1.6872660424e-3
1304,1.6793222472e-3
1305,1.6768942392e-3
1306,1.6689984431e-3
1307,1.6665858106e-3
1308,1.6587377268e-3
1309,1.6563403747e-3
1310,1.6485397180e-3
1311,1.6461575518e-3
1312,1.6384040387e-3
1313,1.6360369643e-3
1314,1.6283303132e-3
1315,1.6259782370e-3
1316,1.6183181677e-3
1317,1.6159809968e-3
1318,1.6083672309e-3
1319,1.6060448727e-3
1320,1.5984771331e-3
1321,1.5961694959e-3
1322,1.5886475077e-3
1323,1.5863545000e-3
1324,1.5788779895e-3
1325,1.5765995203e-3
1326,1.5691682154e-3
1327,1.5669041945e-3
1328,1.5595178251e-3
1329,1.5572681625e-3
1330,1.5499264597e-3
1331,1.5476910662e-3
1332,1.5403937628e-3
1333,1.5381725495e-3
1334,1.5309193798e-3
1335,1.5287122585e-3
1336,1.5215029585e-3
1337,1.5193098415e-3
1338,1.5121441486e-3
1339,1.5099649486e-3
1340,1.5028426020e-3
1341,1.5006772322e-3
1342,1.4935979721e-3
1343,1.4914463464e-3
1344,1.4844099152e-3
1345,1.4822719477e-3
1346,1.4752780891e-3
1347,1.4731536945e-3
1348,1.4662021536e-3
1349,1.4640912473e-3
1350,1.4571817704e-3
1351,1.4550842681e-3
1352,1.4482166036e-3
1353,1.4461324216e-3
1354,1.4393063190e-3
1355,1.4372353740e-3
1356,1.4304505845e-3
1357,1.4283927937e-3
1358,1.4216490697e-3
1359,1.4196043509e-3
1360,1.4129014465e-3
1361,1.4108697178e-3
1362,1.4042073884e-3
1363,1.4021885686e-3
1364,1.3955665711e-3
1365,1.3935605794e-3
1366,1.3869786722e-3
1367,1.3849854281e-3
1368,1.3784433709e-3
1369,1.3764627945e-3
1370,1.3699603485e-3
1371,1.3679923605e-3
1372,1.3615292882e-3
1373,1.3595738097e-3
1374,1.3531498752e-3
1375,1.3512068276e-3
1376,1.3448217961e-3
1377,1.3428911016e-3
1378,1.3365447400e-3
1379,1.3346263208e-3
1380,1.3283183974e-3
1381,1.3264121765e-3
1382,1.3201424606e-3
1383,1.3182483615e-3
1384,1.3120166241e-3
1385,1.3101345704e-3
1386,1.3039405836e-3
1387,1.3020704998e-3
1388,1.2959140371e-3
1389,1.2940558481e-3
1390,1.2879366845e-3
1391,1.2860903153e-3
1392,1.2800082271e-3
1393,1.2781736032e-3
1394,1.2721283680e-3
1395,1.2703054158e-3
1396,1.2642968123e-3
1397,1.2624854581e-3
1398,1.2565132666e-3
1399,1.2547134374e-3
1400,1.2487774395e-3
1401,1.2469890627e-3
1402,1.2410890409e-3
1403,1.2393120446e-3
1404,1.2334477830e-3
1405,1.2316820954e-3
1406,1.2258533794e-3
1407,1.2240989290e-3
1408,1.2183055454e-3
1409,1.2165622615e-3
1410,1.2108039979e-3
1411,1.2090718101e-3
1412,1.2033484556e-3
1413,1.2016272939e-3
1414,1.1959386391e-3
1415,1.1942284339e-3
1416,1.1885742703e-3
1417,1.1868749524e-3
1418,1.1812550728e-3
1419,1.1795665735e-3
1420,1.1739807720e-3
1421,1.1723030232e-3
1422,1.1667510951e-3
1423,1.1650840285e-3
1424,1.1595657703e-3
1425,1.1579093186e-3
1426,1.1524245281e-3
1427,1.1507786243e-3
1428,1.1453271002e-3
1429,1.1436916776e-3
1430,1.1382732201e-3
1431,1.1366482124e-3
1432,1.1312626228e-3
1433,1.1296479641e-3
1434,1.1242950450e-3
1435,1.1226906698e-3
1436,1.1173702245e-3
1437,1.1157760679e-3
1438,1.1104879015e-3
1439,1.1089038987e-3
1440,1.1036478170e-3
1441,1.1020739039e-3
1442,1.0968497139e-3
1443,1.0952858265e-3
1444,1.0900933365e-3
1445,1.0885394115e-3
1446,1.0833784310e-3
1447,1.0818344050e-3
1448,1.0767047444e-3
1449,1.0751705549e-3
1450,1.0700720259e-3
1451,1.0685476105e-3
1452,1.0634800259e-3
1453,1.0619653227e-3
1454,1.0569284962e-3
1455,1.0554234436e-3
1456,1.0504171904e-3
1457,1.0489217272e-3
1458,1.0439458631e-3
1459,1.0424599286e-3
1460,1.0375142709e-3
1461,1.0360378046e-3
1462,1.0311223094e-3
1463,1.0296551134e-3
1464,1.0247700135e-3
1465,1.0233116146e-3
1466,1.0184567242e-3
1467,1.0170070693e-3
1468,1.0121822036e-3
1469,1.0107412399e-3
1470,1.0059462152e-3
1471,1.0045138905e-3
1472,9.9974852429e-4
1473,9.9832478634e-4
1474,9.9358889713e-4
1475,9.9217369416e-4
1476,9.8746710148e-4
1477,9.8606038222e-4
1478,9.8138290673e-4
1479,9.7998461990e-4
1480,9.7533608340e-4
1481,9.7394617836e-4
1482,9.6932640349e-4
1483,9.6794482960e-4
1484,9.6335364032e-4
1485,9.6198034748e-4
1486,9.5741756866e-4
1487,9.5605250698e-4
1488,9.5151796455e-4
1489,9.5016108457e-4
1490,9.4565460540e-4
1491,9.4430585790e-4
1492,9.3982726992e-4
1493,9.3848660606e-4
1494,9.3403573840e-4
1495,9.3270310947e-4
1496,9.2827979211e-4
1497,9.2695514974e-4
1498,9.2255921373e-4
1499,9.2124250989e-4
1500,9.1687378728e-4
1501,9.1556497443e-4
1502,9.1122329820e-4
1503,9.0992232873e-4
1504,9.0560753296e-4
1505,9.0431435996e-4
1506,9.0002627968e-4
1507,8.9874085609e-4
1508,8.9447932737e-4
1509,8.9320160686e-4
1510,8.8896646662e-4
1511,8.8769640280e-4
1512,8.8348748915e-4
1513,8.8222503604e-4
1514,8.7804218788e-4
1515,8.7678729977e-4
1516,8.7263035687e-4
1517,8.7138298841e-4
1518,8.6725179182e-4
1519,8.6601189787e-4
1520,8.6190628934e-4
1521,8.6067382512e-4
1522,8.5659364737e-4
1523,8.5536856830e-4
1524,8.5131366507e-4
1525,8.5009592675e-4
1526,8.4606614269e-4
1527,8.4485570130e-4
1528,8.4085088196e-4
1529,8.3964769351e-4
1530,8.3566768541e-4
1531,8.3447170658e-4
1532,8.3051635727e-4
1533,8.2932754475e-4
1534,8.2539670245e-4
1535,8.2421501338e-4
1536,8.2030852730e-4
1537,8.1913391898e-4
1538,8.1525163938e-4
1539,8.1408406930e-4
1540,8.1022584726e-4
1541,8.0906527336e-4
1542,8.0523096074e-4
1543,8.0407734106e-4
1544,8.0026679080e-4
1545,7.9912008368e-4
1546,7.9533314954e-4
1547,7.9419331360e-4
1548,7.9042984999e-4
1549,7.8929684423e-4
1550,7.8555670689e-4
1551,7.8443049017e-4
1552,7.8071353539e-4
1553,7.7959406718e-4
1554,7.7590015223e-4
1555,7.7478739217e-4
1556,7.7111637506e-4
1557,7.7001028296e-4
1558,7.6636202272e-4
1559,7.6526255873e-4
1560,7.6163691512e-4
1561,7.6054403951e-4
1562,7.5694087315e-4
1563,7.5585454664e-4
1564,7.5227371900e-4
1565,7.5119390232e-4
1566,7.4763527579e-4
1567,7.4656192999e-4
1568,7.4302536774e-4
1569,7.4195845417e-4
1570,7.3844382007e-4
1571,7.3738330036e-4
1572,7.3389045934e-4
1573,7.3283629501e-4
1574,7.2936511276e-4
1575,7.2831726601e-4
1576,7.2486760882e-4
1577,7.2382604185e-4
1578,7.2039777694e-4
1579,7.1936245217e-4
1580,7.1595544779e-4
1581,7.1492632799e-4
1582,7.1154045276e-4
1583,7.1051750081e-4
1584,7.0715262450e-4
1585,7.0613580351e-4
1586,7.0279179664e-4
1587,7.0178107001e-4
1588,6.9845780365e-4
1589,6.9745313493e-4
1590,6.9415048131e-4
1591,6.9315183430e-4
1592,6.8986966608e-4
1593,6.8887700479e-4
1594,6.8561519544e-4
1595,6.8462848418e-4
1596,6.8138690813e-4
1597,6.8040611137e-4
1598,6.7718464362e-4
1599,6.7620972607e-4
1600,6.7300824247e-4
1601,6.7203916899e-4
1602,6.6885754609e-4
1603,6.6789428172e-4
1604,6.6473239707e-4
1605,6.6377490720e-4
1606,6.6063263881e-4
1607,6.5968088882e-4
1608,6.5655811545e-4
1609,6.5561207128e-4
1610,6.5250867254e-4
1611,6.5156830010e-4
1612,6.4848415627e-4
1613,6.4754942156e-4
1614,6.4448441373e-4
1615,6.4355528315e-4
1616,6.4050929313e-4
1617,6.3958573327e-4
1618,6.3655864346e-4
1619,6.3564062106e-4
1620,6.3263231471e-4
1621,6.3171979667e-4
1622,6.2873015759e-4
1623,6.2782311119e-4
1624,6.2485202415e-4
1625,6.2395041664e-4
1626,6.2099776676e-4
1627,6.2010156569e-4
1628,6.1716723911e-4
1629,6.1627641225e-4
1630,6.1336029569e-4
1631,6.1247481096e-4
1632,6.0957679182e-4
1633,6.0869661735e-4
1634,6.0581658369e-4
1635,6.0494168781e-4
1636,6.0207952845e-4
1637,6.0120987968e-4
1638,5.9836548400e-4
1639,5.9750105100e-4
1640,5.9467430924e-4
1641,5.9381506088e-4
1642,5.9100586384e-4
1643,5.9015176925e-4
1644,5.8736000830e-4
1645,5.8651103660e-4
1646,5.8373660391e-4
1647,5.8289272476e-4
1648,5.8013551313e-4
1649,5.7929669606e-4
1650,5.7655659890e-4
1651,5.7572281366e-4
1652,5.7299972519e-4
1653,5.7217094184e-4
1654,5.6946475667e-4
1655,5.6864094535e-4
1656,5.6595155894e-4
1657,5.6513269004e-4
1658,5.6245999838e-4
1659,5.6164604240e-4
1660,5.5898994219e-4
1661,5.5818086980e-4
1662,5.5554125834e-4
1663,5.5473704049e-4
1664,5.5211381562e-4
1665,5.5131442332e-4
1666,5.4870748369e-4
1667,5.4791288812e-4
1668,5.4532213295e-4
1669,5.4453230553e-4
1670,5.4195763448e-4
1671,5.4117254689e-4
1672,5.3861386039e-4
1673,5.3783348432e-4
1674,5.3529068344e-4
1675,5.3451499065e-4
1676,5.3198797707e-4
1677,5.3121693981e-4
1678,5.2870561569e-4
1679,5.2793920605e-4
1680,5.2544347426e-4
1681,5.2468166479e-4
1682,5.2220142868e-4
1683,5.2144419192e-4
1684,5.1897935549e-4
1685,5.1822666421e-4
1686,5.1577713202e-4
1687,5.1502895911e-4
1688,5.1259463640e-4
1689,5.1185095481e-4
1690,5.0943174745e-4
1691,5.0869253050e-4
1692,5.0628834481e-4
1693,5.0555356586e-4
1694,5.0316430867e-4
1695,5.0243394128e-4
1696,5.0005952016e-4
1697,4.9933353796e-4
1698,4.9697386100e-4
1699,4.9625223789e-4
1700,4.9390721375e-4
1701,4.9318992370e-4
1702,4.9085946148e-4
1703,4.9014647868e-4
1704,4.8783048811e-4
1705,4.8712178693e-4
1706,4.8482017837e-4
1707,4.8411573329e-4
1708,4.8182841766e-4
1709,4.8112820321e-4
1710,4.7885509179e-4
1711,4.7815908289e-4
1712,4.7590008762e-4
1713,4.7520825905e-4
1714,4.7296329251e-4
1715,4.7227561947e-4
1716,4.7004459464e-4
1717,4.6936105230e-4
1718,4.6714388282e-4
1719,4.6646444650e-4
1720,4.6426104632e-4
1721,4.6358569165e-4
1722,4.6139597549e-4
1723,4.6072467796e-4
1724,4.5854856097e-4
1725,4.5788129660e-4
1726,4.5571869452e-4
1727,4.5505543915e-4
1728,4.5290626798e-4
1729,4.5224699784e-4
1730,4.5011117436e-4
1731,4.4945586546e-4
1732,4.4733330702e-4
1733,4.4668193578e-4
1734,4.4457256001e-4
1735,4.4392510313e-4
1736,4.4182882823e-4
1737,4.4118526222e-4
1738,4.3910200696e-4
1739,4.3846230875e-4
1740,4.3639199242e-4
1741,4.3575613881e-4
1742,4.3369868109e-4
1743,4.3306664918e-4
1744,4.3102197037e-4
1745,4.3039373742e-4
1746,4.2836175817e-4
1747,4.2773730144e-4
1748,4.2571794307e-4
1749,4.2509724011e-4
1750,4.2309042419e-4
1751,4.2247345266e-4
1752,4.2047910148e-4
1753,4.1986583898e-4
1754,4.1788387512e-4
1755,4.1727429971e-4
1756,4.1530464631e-4
1757,4.1469873582e-4
1758,4.1274131661e-4
1759,4.1213904933e-4
1760,4.1019378824e-4
1761,4.0959514240e-4
1762,4.0766196406e-4
1763,4.0706691800e-4
1764,4.0514574744e-4
1765,4.0455427978e-4
1766,4.0264504253e-4
1767,4.0205713185e-4
1768,4.0015975372e-4
1769,3.9957537882e-4
1770,3.9768978638e-4
1771,3.9710892617e-4
1772,3.9523504614e-4
1773,3.9465767969e-4
1774,3.9279543938e-4
1775,3.9222154584e-4
1776,3.9037087311e-4
1777,3.8980043172e-4
1778,3.8796125460e-4
1779,3.8739424468e-4
1780,3.8556649201e-4
1781,3.8500289327e-4
1782,3.8318649399e-4
1783,3.8262628601e-4
1784,3.8082116976e-4
1785,3.8026433225e-4
1786,3.7847042887e-4
1787,3.7791694183e-4
1788,3.7613418181e-4
1789,3.7558402516e-4
1790,3.7381233926e-4
1791,3.7326549318e-4
1792,3.7150481256e-4
1793,3.7096125737e-4
1794,3.6921151388e-4
1795,3.6867122975e-4
1796,3.6693235535e-4
1797,3.6639532289e-4
1798,3.6466725021e-4
1799,3.6413344992e-4
1800,3.6241611184e-4
1801,3.6188552451e-4
1802,3.6017885441e-4
1803,3.5965146083e-4
1804,3.5795539247e-4
1805,3.5743117360e-4
1806,3.5574564112e-4
1807,3.5522457790e-4
1808,3.5354951592e-4
1809,3.5303158973e-4
1810,3.5136693305e-4
1811,3.5085212505e-4
1812,3.4919780921e-4
1813,3.4868610078e-4
1814,3.4704206155e-4
1815,3.4653343420e-4
1816,3.4489960780e-4
1817,3.4439404311e-4
1818,3.4277036605e-4
1819,3.4226784572e-4
1820,3.4065425501e-4
1821,3.4015476098e-4
1822,3.3855119392e-4
1823,3.3805470798e-4
1824,3.3646110245e-4
1825,3.3596760659e-4
1826,3.3438390062e-4
1827,3.3389337722e-4
1828,3.3231950931e-4
1829,3.3183194040e-4
1830,3.3026784951e-4
1831,3.2978321758e-4
1832,3.2822884293e-4
1833,3.2774713031e-4
1834,3.2620241160e-4
1835,3.2572360101e-4
1836,3.2418847820e-4
1837,3.2371255224e-4
1838,3.2218696572e-4
1839,3.2171390711e-4
1840,3.2019779769e-4
1841,3.1972758933e-4
1842,3.1822089818e-4
1843,3.1775352312e-4
1844,3.1625619164e-4
1845,3.1579163289e-4
1846,3.1430360298e-4
1847,3.1384184371e-4
1848,3.1236305762e-4
1849,3.1190408112e-4
1850,3.1043448143e-4
1851,3.0997827105e-4
1852,3.0851780065e-4
1853,3.0806433983e-4
1854,3.0661294204e-4
1855,3.0616221443e-4
1856,3.0471983280e-4
1857,3.0427182202e-4
1858,3.0283840067e-4
1859,3.0239309052e-4
1860,3.0096857364e-4
1861,3.0052594798e-4
1862,2.9911028037e-4
1863,2.9867032310e-4
1864,2.9726344974e-4
1865,2.9682614490e-4
1866,2.9542801121e-4
1867,2.9499334300e-4
1868,2.9360389459e-4
1869,2.9317184726e-4
1870,2.9179103018e-4
1871,2.9136158810e-4
1872,2.8998934874e-4
1873,2.8956249616e-4
1874,2.8819878128e-4
1875,2.8777450291e-4
1876,2.8641925945e-4
1877,2.8599753983e-4
1878,2.8465071523e-4
1879,2.8423153901e-4
1880,2.8289308085e-4
1881,2.8247643291e-4
1882,2.8114628935e-4
1883,2.8073215452e-4
1884,2.7941027383e-4
1885,2.7899863710e-4
1886,2.7768496790e-4
1887,2.7727581426e-4
1888,2.7597030555e-4
1889,2.7556362028e-4
1890,2.7426622131e-4
1891,2.7386198951e-4
1892,2.7257265009e-4
1893,2.7217085716e-4
1894,2.7088952703e-4
1895,2.7049015841e-4
1896,2.6921678767e-4
1897,2.6881982888e-4
1898,2.6755436835e-4
1899,2.6715980482e-4
1900,2.6590220517e-4
1901,2.6551002270e-4
1902,2.6426023521e-4
1903,2.6387041947e-4
1904,2.6262839549e-4
1905,2.6224093239e-4
1906,2.6100662370e-4
1907,2.6062149914e-4
1908,2.5939485784e-4
1909,2.5901205771e-4
1910,2.5779303616e-4
1911,2.5741254672e-4
1912,2.5620109750e-4
1913,2.5582290488e-4
1914,2.5461898088e-4
1915,2.5424307125e-4
1916,2.5304662580e-4
1917,2.5267298565e-4
1918,2.5148397225e-4
1919,2.5111258793e-4
1920,2.4993096036e-4
1921,2.4956181835e-4
1922,2.4838753080e-4
1923,2.4802061762e-4
1924,2.4685362439e-4
1925,2.4648892673e-4
1926,2.4532918252e-4
1927,2.4496668715e-4
1928,2.4381414693e-4
1929,2.4345384060e-4
1930,2.4230845952e-4
1931,2.4195032915e-4
1932,2.4081206288e-4
1933,2.4045609547e-4
1934,2.3932489961e-4
1935,2.3897108218e-4
1936,2.3784691280e-4
1937,2.3749523251e-4
1938,2.3637804605e-4
1939,2.3602849006e-4
1940,2.3491824300e-4
1941,2.3457079863e-4
1942,2.3346744797e-4
1943,2.3312210254e-4
1944,2.3202560533e-4
1945,2.3168234628e-4
1946,2.3059265993e-4
1947,2.3025147476e-4
1948,2.2916855698e-4
1949,2.2882943324e-4
1950,2.2775324197e-4
1951,2.2741616738e-4
1952,2.2634666072e-4
1953,2.2601162289e-4
1954,2.2494875947e-4
1955,2.2461574622e-4
1956,2.2355948460e-4
1957,2.2322848383e-4
1958,2.2217878308e-4
1959,2.2184978275e-4
1960,2.2080660193e-4
1961,2.2047958998e-4
1962,2.1944288875e-4
1963,2.1911785336e-4
1964,2.1808759135e-4
1965,2.1776452058e-4
1966,2.1674065778e-4
1967,2.1641953987e-4
1968,2.1540203653e-4
1969,2.1508285977e-4
1970,2.1407167645e-4
1971,2.1375442924e-4
1972,2.1274952644e-4
1973,2.1243419718e-4
1974,2.1143553607e-4
1975,2.1112211329e-4
1976,2.1012965493e-4
1977,2.0981812719e-4
1978,2.0883183316e-4
1979,2.0852218910e-4
1980,2.0754202086e-4
1981,2.0723424916e-4
1982,2.0626016885e-4
1983,2.0595425838e-4
1984,2.0498622814e-4
1985,2.0468216758e-4
1986,2.0372014973e-4
1987,2.0341792799e-4
1988,2.0246188529e-4
1989,2.0216149147e-4
1990,2.0121138664e-4
1991,2.0091280965e-4
1992,1.9996860578e-4
1993,1.9967183482e-4
1994,1.9873349538e-4
1995,1.9843851948e-4
1996,1.9750600791e-4
1997,1.9721281643e-4
1998,1.9628609647e-4
1999,1.9599467873e-4
2000,1.9507371439e-4
2001,1.9478405966e-4
2002,1.9386881524e-4
2003,1.9358091293e-4
2004,1.9267135286e-4
2005,1.9238519258e-4
2006,1.9148128149e-4
2007,1.9119685260e-4
2008,1.9029855548e-4
2009,1.9001584764e-4
2010,1.8912312953e-4
2011,1.8884213239e-4
2012,1.8795495851e-4
2013,1.8767566200e-4
2014,1.8679399801e-4
2015,1.8651639175e-4
2016,1.8564020343e-4
2017,1.8536427729e-4
2018,1.8449353053e-4
2019,1.8421927433e-4
2020,1.8335393531e-4
2021,1.8308133923e-4
2022,1.8222137436e-4
2023,1.8195042833e-4
2024,1.8109580424e-4
2025,1.8082649825e-4
2026,1.7997718163e-4
2027,1.7970950603e-4
2028,1.7886546402e-4
2029,1.7859940886e-4
2030,1.7776060866e-4
2031,1.7749616433e-4
2032,1.7666257332e-4
2033,1.7639972987e-4
2034,1.7557131576e-4
2035,1.7531006387e-4
2036,1.7448679438e-4
2037,1.7422712432e-4
2038,1.7340896756e-4
2039,1.7315086990e-4
2040,1.7233779403e-4
2041,1.7208125939e-4
2042,1.7127323275e-4
2043,1.7101825165e-4
2044,1.7021524297e-4
2045,1.6996180614e-4
2046,1.6916378411e-4
2047,1.6891188216e-4
2048,1.6811881602e-4
2049,1.6786843980e-4
2050,1.6708029858e-4
2051,1.6683143895e-4
2052,1.6604819206e-4
2053,1.6580083980e-4
2054,1.6502245683e-4
2055,1.6477660301e-4
2056,1.6400305367e-4
2057,1.6375868927e-4
2058,1.6298994359e-4
2059,1.6274705951e-4
2060,1.6198308765e-4
2061,1.6174167507e-4
2062,1.6098244737e-4
2063,1.6074249743e-4
2064,1.5998798432e-4
2065,1.5974948838e-4
2066,1.5899966053e-4
2067,1.5876260960e-4
2068,1.5801743808e-4
2069,1.5778182365e-4
2070,1.5704127941e-4
2071,1.5680709271e-4
2072,1.5607114699e-4
2073,1.5583837944e-4
2074,1.5510700371e-4
2075,1.5487564690e-4
2076,1.5414881256e-4
2077,1.5391885802e-4
2078,1.5319653698e-4
2079,1.5296797613e-4
2080,1.5225014050e-4
2081,1.5202296487e-4
2082,1.5130958661e-4
2083,1.5108378813e-4
2084,1.5037483956e-4
2085,1.5015040975e-4
2086,1.4944586337e-4
2087,1.4922279411e-4
2088,1.4852262245e-4
2089,1.4830090549e-4
2090,1.4760508145e-4
2091,1.4738470867e-4
2092,1.4669320524e-4
2093,1.4647416867e-4
2094,1.4578695885e-4
2095,1.4556925032e-4
2096,1.4488630757e-4
2097,1.4466991911e-4
2098,1.4399121687e-4
2099,1.4377614053e-4
2100,1.4310165250e-4
2101,1.4288788043e-4
2102,1.4221758033e-4
2103,1.4200510458e-4
2104,1.4133896644e-4
2105,1.4112777922e-4
2106,1.4046577735e-4
2107,1.4025587086e-4
2108,1.3959797928e-4
2109,1.3938934586e-4
2110,1.3873553922e-4
2111,1.3852817131e-4
2112,1.3787842403e-4
2113,1.3767231388e-4
2114,1.3702660084e-4
2115,1.3682174091e-4
2116,1.3618003703e-4
2117,1.3597641987e-4
2118,1.3533870026e-4
2119,1.3513631825e-4
2120,1.3450255818e-4
2121,1.3430140393e-4
2122,1.3367157874e-4
2123,1.3347164492e-4
2124,1.3284573015e-4
2125,1.3264700931e-4
2126,1.3202498064e-4
2127,1.3182746551e-4
2128,1.3120929879e-4
2129,1.3101298214e-4
2130,1.3039865348e-4
2131,1.3020352810e-4
2132,1.2959301353e-4
2133,1.2939907214e-4
2134,1.2879234794e-4
2135,1.2859958349e-4
2136,1.2799662625e-4
2137,1.2780503164e-4
2138,1.2720581782e-4
2139,1.2701538606e-4
2140,1.2641989241e-4
2141,1.2623061644e-4
2142,1.2563881990e-4
2143,1.2545069268e-4
2144,1.2486257026e-4
2145,1.2467558486e-4
2146,1.2409111378e-4
2147,1.2390526342e-4
2148,1.2332442088e-4
2149,1.2313969870e-4
2150,1.2256246225e-4
2151,1.2237886131e-4
2152,1.2180520844e-4
2153,1.2162272225e-4
2154,1.2105263079e-4
2155,1.2087125242e-4
2156,1.2030470015e-4
2157,1.2012442301e-4
2158,1.1956138798e-4
2159,1.1938220530e-4
2160,1.1882266574e-4
2161,1.1864457105e-4
2162,1.1808850508e-4
2163,1.1791149177e-4
2164,1.1735887790e-4
2165,1.1718293945e-4
2166,1.1663375631e-4
2167,1.1645888623e-4
2168,1.1591311244e-4
2169,1.1573930431e-4
2170,1.1519691856e-4
2171,1.1502416601e-4
2172,1.1448514738e-4
2173,1.1431344399e-4
2174,1.1377777145e-4
2175,1.1360711096e-4
2176,1.1307476382e-4
2177,1.1290513976e-4
2178,1.1237609738e-4
2179,1.1220750372e-4
2180,1.1168174541e-4
2181,1.1151417584e-4
2182,1.1099168125e-4
2183,1.1082512958e-4
2184,1.1030587871e-4
2185,1.1014033868e-4
2186,1.0962431105e-4
2187,1.0945977675e-4
2188,1.0894695248e-4
2189,1.0878341766e-4
2190,1.0827377679e-4
2191,1.0811123548e-4
2192,1.0760475828e-4
2193,1.0744320463e-4
2194,1.0693987133e-4
2195,1.0677929930e-4
2196,1.0627909046e-4
2197,1.0611949403e-4
2198,1.0562239015e-4
2199,1.0546376353e-4
2200,1.0496974545e-4
2201,1.0481208267e-4
2202,1.0432113123e-4
2203,1.0416442655e-4
2204,1.0367652254e-4
2205,1.0352077015e-4
2206,1.0303589477e-4
2207,1.0288108905e-4
2208,1.0239922335e-4
2209,1.0224535845e-4
2210,1.0176648391e-4
2211,1.0161355408e-4
2212,1.0113765200e-4
2213,1.0098565173e-4
2214,1.0051270368e-4
2215,1.0036162723e-4
2216,9.9891614866e-5
2217,9.9741456836e-5
2218,9.9274361844e-5
2219,9.9125116606e-5
2220,9.8660920912e-5
2221,9.8512582895e-5
2222,9.8051268537e-5
2223,9.7903832341e-5
2224,9.7445381300e-5
2225,9.7298841467e-5
2226,9.6843236065e-5
2227,9.6697587082e-5
2228,9.6244809583e-5
2229,9.6100046107e-5
2230,9.5650079061e-5
2231,9.5506195748e-5
2232,9.5059021533e-5
2233,9.4916013154e-5
2234,9.4471614432e-5
2235,9.4329475587e-5
2236,9.3887835249e-5
2237,9.3746560708e-5
2238,9.3307661587e-5
2239,9.3167246064e-5
2240,9.2731071049e-5
2241,9.2591509542e-5
2242,9.2158041696e-5
2243,9.2019328918e-5
2244,9.1588551527e-5
2245,9.1450682305e-5
2246,9.1022578601e-5
2247,9.0885547934e-5
2248,9.0460101205e-5
2249,9.0323903976e-5
2250,8.9901097908e-5
2251,8.9765729058e-5
2252,8.9345547110e-5
2253,8.9211001693e-5
2254,8.8793427665e-5
2255,8.8659700623e-5
2256,8.8244718313e-5
2257,8.8111804757e-5
2258,8.7699397966e-5
2259,8.7567292894e-5
2260,8.7157445591e-5
2261,8.7026144286e-5
2262,8.6618840783e-5
2263,8.6488338297e-5
2264,8.6083562564e-5
2265,8.5953854011e-5
2266,8.5551590530e-5
2267,8.5422671134e-5
2268,8.5022904216e-5
2269,8.4894769202e-5
2270,8.4497483272e-5
2271,8.4370127979e-5
2272,8.3975307689e-5
2273,8.3848727229e-5
2274,8.3456357345e-5
2275,8.3330547170e-5
2276,8.2940612401e-5
2277,8.2815567794e-5
2278,8.2428053020e-5
2279,8.2303769318e-5
2280,8.1918659532e-5
2281,8.1795132189e-5
2282,8.1412412385e-5
2283,8.1289636796e-5
2284,8.0909292194e-5
2285,8.0787263812e-5
2286,8.0409279633e-5
2287,8.0287993967e-5
2288,7.9912355488e-5
2289,7.9791808105e-5
2290,7.9418500889e-5
2291,7.9298687183e-5
2292,7.8927696677e-5
2293,7.8808612272e-5
2294,7.8439924152e-5
2295,7.8321564615e-5
2296,7.7955164386e-5
2297,7.7837525339e-5
2298,7.7473399017e-5
2299,7.7356476083e-5
2300,7.6994609401e-5
2301,7.6878398318e-5
2302,7.6518777348e-5
2303,7.6403273681e-5
2304,7.6045884384e-5
2305,7.5931083984e-5
2306,7.5575912490e-5
2307,7.5461811036e-5
2308,7.5108843703e-5
2309,7.4995436933e-5
2310,7.4644659946e-5
2311,7.4531943710e-5
2312,7.4183343543e-5
2313,7.4071313577e-5
2314,7.3724876643e-5
2315,7.3613528912e-5
2316,7.3269241796e-5
2317,7.3158572093e-5
2318,7.2816421493e-5
2319,7.2706425669e-5
2320,7.2366398285e-5
2321,7.2257072304e-5
2322,7.1919154948e-5
2323,7.1810494831e-5
2324,7.1474674428e-5
2325,7.1366675968e-5
2326,7.1032939331e-5
2327,7.0925598777e-5
2328,7.0593933174e-5
2329,7.0487246319e-5
2330,7.0157638902e-5
2331,7.0051601767e-5
2332,6.9724039633e-5
2333,6.9618648411e-5
2334,6.9293118884e-5
2335,6.9188369650e-5
2336,6.8864860111e-5
2337,6.8760748889e-5
2338,6.8439246775e-5
2339,6.8335769811e-5
2340,6.8016262730e-5
2341,6.7913416046e-5
2342,6.7595891551e-5
2343,6.7493671452e-5
2344,6.7178117149e-5
2345,6.7076519827e-5
2346,6.6762923666e-5
2347,6.6661945255e-5
2348,6.6350294901e-5
2349,6.6249931706e-5
2350,6.5940215222e-5
2351,6.5840463549e-5
2352,6.5532668827e-5
2353,6.5433524924e-5
2354,6.5127640028e-5
2355,6.5029100313e-5
2356,6.4725113418e-5
2357,6.4627174027e-5
2358,6.4325073424e-5
2359,6.4227730832e-5
2360,6.3927504641e-5
2361,6.3830755266e-5
2362,6.3532392005e-5
2363,6.3436232210e-5
2364,6.3139720226e-5
2365,6.3044146373e-5
2366,6.2749474239e-5
2367,6.2654482804e-5
2368,6.2361639038e-5
2369,6.2267226610e-5
2370,6.1976199845e-5
2371,6.1882362786e-5
2372,6.1593141766e-5
2373,6.1499876665e-5
2374,6.1212450191e-5
2375,6.1119753468e-5
2376,6.0834110457e-5
2377,6.0741978814e-5
2378,6.0458108010e-5
2379,6.0366537923e-5
2380,6.0084428469e-5
2381,5.9993416471e-5
2382,5.9713057396e-5
2383,5.9622600247e-5
2384,5.9343980638e-5
2385,5.9254074984e-5
2386,5.8977183983e-5
2387,5.8887826356e-5
2388,5.8612653504e-5
2389,5.8523840551e-5
2390,5.8250374991e-5
2391,5.8162103528e-5
2392,5.7890334631e-5
2393,5.7802601305e-5
2394,5.7532518554e-5
2395,5.7445320181e-5
2396,5.7176913174e-5
2397,5.7090246401e-5
2398,5.6823504792e-5
2399,5.6737366378e-5
2400,5.6472279653e-5
2401,5.6386666529e-5
2402,5.6123224454e-5
2403,5.6038133494e-5
2404,5.5776325837e-5
2405,5.5691753573e-5
2406,5.5431570331e-5
2407,5.5347513808e-5
2408,5.5088944862e-5
2409,5.5005400782e-5
2410,5.4748436128e-5
2411,5.4665401592e-5
2412,5.4410031112e-5
2413,5.4327502994e-5
2414,5.4073716854e-5
2415,5.3991692027e-5
2416,5.3739480393e-5
2417,5.3657955846e-5
2418,5.3407308997e-5
2419,5.3326281659e-5
2420,5.3077189875e-5
2421,5.2996656677e-5
2422,5.2749110239e-5
2423,5.2669068225e-5
2424,5.2423057582e-5
2425,5.2343503910e-5
2426,5.2099019456e-5
2427,5.2019950942e-5
2428,5.1776983355e-5
2429,5.1698397101e-5
2430,5.1456936887e-5
2431,5.1378830051e-5
2432,5.1138867775e-5
2433,5.1061237514e-5
2434,5.0822764024e-5
2435,5.0745607155e-5
2436,5.0508613128e-5
2437,5.0431926979e-5
2438,5.0196403151e-5
2439,5.0120184824e-5
2440,4.9886122270e-5
2441,4.9810368978e-5
2442,4.9577758432e-5
2443,4.9502467277e-5
2444,4.9271299815e-5
2445,4.9196468069e-5
2446,4.8966734710e-5
2447,4.8892359587e-5
2448,4.8664051405e-5
2449,4.8590130007e-5
2450,4.8363238193e-5
2451,4.8289767903e-5
2452,4.8064283646e-5
2453,4.7991261624e-5
2454,4.7767176227e-5
2455,4.7694599857e-5
2456,4.7471904509e-5
2457,4.7399771006e-5
2458,4.7178457180e-5
2459,4.7106763816e-5
2460,4.6886822986e-5
2461,4.6815567089e-5
2462,4.6596990785e-5
2463,4.6526169740e-5
2464,4.6308949322e-5
2465,4.6238560458e-5
2466,4.6022687627e-5
2467,4.5952728328e-5
2468,4.5738194615e-5
2469,4.5668662324e-5
2470,4.5455459542e-5
2471,4.5386351644e-5
2472,4.5174471325e-5
2473,4.5105785262e-5
2474,4.4895219389e-5
2475,4.4826952546e-5
2476,4.4617692879e-5
2477,4.4549842698e-5
2478,4.4341881164e-5
2479,4.4274445145e-5
2480,4.4067773729e-5
2481,4.4000749313e-5
2482,4.3795359943e-5
2483,4.3728744629e-5
2484,4.3524629348e-5
2485,4.3458420805e-5
2486,4.3255571654e-5
2487,4.3189767212e-5
2488,4.2988176403e-5
2489,4.2922773730e-5
2490,4.2722433420e-5
2491,4.2657429958e-5
2492,4.2458332473e-5
2493,4.2393725892e-5
2494,4.2195863386e-5
2495,4.2131651242e-5
2496,4.1935016156e-5
2497,4.1871196004e-5
2498,4.1675780722e-5
2499,4.1612350174e-5
2500,4.1418147077e-5
2501,4.1355103917e-5
2502,4.1162105504e-5
2503,4.1099447174e-5
2504,4.0907645882e-5
2505,4.0845370222e-5
2506,4.0654758664e-5
2507,4.0592863286e-5
2508,4.0403434070e-5
2509,4.0341916701e-5
2510,4.0153662553e-5
2511,4.0092520749e-5
2512,3.9905434392e-5
2513,3.9844665935e-5
2514,3.9658740036e-5
2515,3.9598342653e-5
2516,3.9413570164e-5
2517,3.9353541638e-5
2518,3.9169915226e-5
2519,3.9110253283e-5
2520,3.8927765900e-5
2521,3.8868468323e-5
2522,3.8687112919e-5
2523,3.8628177435e-5
2524,3.8447947020e-5
2525,3.8389371468e-5
2526,3.8210258879e-5
2527,3.8152041157e-5
2528,3.7974039685e-5
2529,3.7916177519e-5
2530,3.7739280060e-5
2531,3.7681771289e-5
2532,3.7505971193e-5
2533,3.7448813714e-5
2534,3.7274104045e-5
2535,3.7217295699e-5
2536,3.7043669636e-5
2537,3.6987208375e-5
2538,3.6814659325e-5
2539,3.6758542876e-5
2540,3.6587064074e-5
2541,3.6531290448e-5
2542,3.6360875299e-5
2543,3.6305442336e-5
2544,3.6136084304e-5
2545,3.6080989958e-5
2546,3.5912682279e-5
2547,3.5857924559e-5
2548,3.5690660866e-5
2549,3.5636237726e-5
2550,3.5470011426e-5
2551,3.5415920706e-5
2552,3.5250725546e-5
2553,3.5196965314e-5
2554,3.5032794813e-5
2555,3.4979362908e-5
2556,3.4816210757e-5
2557,3.4763105305e-5
2558,3.4600965137e-5
2559,3.4548184260e-5
2560,3.4387049652e-5
2561,3.4334591248e-5
2562,3.4174456061e-5
2563,3.4122318255e-5
2564,3.3963176406e-5
2565,3.3911357093e-5
2566,3.3753202274e-5
2567,3.3701699635e-5
2568,3.3544525763e-5
2569,3.3493337810e-5
2570,3.3337138859e-5
2571,3.3286263658e-5
2572,3.3131033547e-5
2573,3.3080469279e-5
2574,3.2926201868e-5
2575,3.2875946602e-5
2576,3.2722636035e-5
2577,3.2672687894e-5
2578,3.2520328205e-5
2579,3.2470685312e-5
2580,3.2319270701e-5
2581,3.2269931182e-5
2582,3.2119455625e-5
2583,3.2070417660e-5
2584,3.1920875472e-5
2585,3.1872137129e-5
2586,3.1723522397e-5
2587,3.1675082028e-5
2588,3.1527388956e-5
2589,3.1479244683e-5
2590,3.1332467756e-5
2591,3.1284617705e-5
2592,3.1138751069e-5
2593,3.1091193421e-5
2594,3.0946231561e-5
2595,3.0898964667e-5
2596,3.0754901843e-5
2597,3.0707923827e-5
2598,3.0564754525e-5
2599,3.0518063738e-5
2600,3.0375782444e-5
2601,3.0329376955e-5
2602,3.0187978098e-5
2603,3.0141856314e-5
2604,3.0001334380e-5
2605,2.9955494597e-5
2606,2.9815844243e-5
2607,2.9770284698e-5
2608,2.9631500468e-5
2609,2.9586219398e-5
2610,2.9448296004e-5
2611,2.9403291649e-5
2612,2.9266223692e-5
2613,2.9221494515e-5
2614,2.9085276594e-5
2615,2.9040820891e-5
2616,2.8905447721e-5
2617,2.8861263900e-5
2618,2.8726730363e-5
2619,2.8682816662e-5
2620,2.8549117530e-5
2621,2.8505472301e-5
2622,2.8372602458e-5
2623,2.8329223994e-5
2624,2.8197178153e-5
2625,2.8154064921e-5
2626,2.8022838023e-5
2627,2.7979988488e-5
2628,2.7849575417e-5
2629,2.7806987873e-5
2630,2.7677383628e-5
2631,2.7635056426e-5
2632,2.7506256060e-5
2633,2.7464187724e-5
2634,2.7336186008e-5
2635,2.7294374945e-5
2636,2.7167167218e-5
2637,2.7125611780e-5
2638,2.6999192926e-5
2639,2.6957891635e-5
2640,2.6832256822e-5
2641,2.6791208086e-5
2642,2.6666352483e-5
2643,2.6625554824e-5
2644,2.6501473485e-5
2645,2.6460925312e-5
2646,2.6337613519e-5
2647,2.6297313298e-5
2648,2.6174766219e-5
2649,2.6134712584e-5
2650,2.6012925559e-5
2651,2.5973116749e-5
2652,2.5852085059e-5
2653,2.5812519766e-5
2654,2.5692238637e-5
2655,2.5652915383e-5
2656,2.5533380210e-5
2657,2.5494297347e-5
2658,2.5375503583e-5
2659,2.5336659746e-5
2660,2.5218602730e-5
2661,2.5179996442e-5
2662,2.5062671625e-5
2663,2.5024301465e-5
2664,2.4907704301e-5
2665,2.4869568847e-5
2666,2.4753694788e-5
2667,2.4715792676e-5
2668,2.4600637005e-5
2669,2.4562966757e-5
2670,2.4448525323e-5
2671,2.4411085519e-5
2672,2.4297353889e-5
2673,2.4260143050e-5
2674,2.4147116676e-5
2675,2.4110133495e-5
2676,2.3997808114e-5
2677,2.3961051227e-5
2678,2.3849422405e-5
2679,2.3812890333e-5
2680,2.3701953808e-5
2681,2.3665645188e-5
2682,2.3555396695e-5
2683,2.3519310218e-5
2684,2.3409745381e-5
2685,2.3373879685e-5
2686,2.3264994354e-5
2687,2.3229348074e-5
2688,2.3121137986e-5
2689,2.3085709813e-5
2690,2.2978170762e-5
2691,2.2942959276e-5
2692,2.2836087169e-5
2693,2.2801091291e-5
2694,2.2694881920e-5
2695,2.2660100058e-5
2696,2.2554549332e-5
2697,2.2519980291e-5
2698,2.2415084231e-5
2699,2.2380726705e-5
2700,2.2276481104e-5
2701,2.2242333785e-5
2702,2.2138734607e-5
2703,2.2104796244e-5
2704,2.2001839568e-5
2705,2.1968108967e-5
2706,2.1865790700e-5
2707,2.1832266498e-5
2708,2.1730582830e-5
2709,2.1697263605e-5
2710,2.1596210559e-5
2711,2.1563095231e-5
2712,2.1462668940e-5
2713,2.1429756316e-5
2714,2.1329952688e-5
2715,2.1297241460e-5
2716,2.1198056743e-5
2717,2.1165545775e-5
2718,2.1066976160e-5
2719,2.1034664087e-5
2720,2.0936705766e-5
2721,2.0904591452e-5
2722,2.0807240503e-5
2723,2.0775322810e-5
2724,2.0678575595e-5
2725,2.0646853272e-5
2726,2.0550705983e-5
2727,2.0519177724e-5
2728,2.0423626722e-5
2729,2.0392291447e-5
2730,2.0297332924e-5
2731,2.0266189381e-5
2732,2.0171819756e-5
2733,2.0140866923e-5
2734,2.0047082501e-5
2735,2.0016319070e-5
2736,1.9923116213e-5
2737,1.9892541104e-5
2738,1.9799916231e-5
2739,1.9769528251e-5
2740,1.9677477837e-5
2741,1.9647275906e-5
2742,1.9555796257e-5
2743,1.9525779123e-5
2744,1.9434866772e-5
2745,1.9405033413e-5
2746,1.9314684835e-5
2747,1.9285034114e-5
2748,1.9195245841e-5
2749,1.9165776621e-5
2750,1.9076545129e-5
2751,1.9047256217e-5
2752,1.8958578096e-5
2753,1.8929468524e-5
2754,1.8841340193e-5
2755,1.8812408939e-5
2756,1.8724827100e-5
2757,1.8696072857e-5
2758,1.8609034214e-5
2759,1.8580456072e-5
2760,1.8493957100e-5
2761,1.8465553808e-5
2762,1.8379591324e-5
2763,1.8351361973e-5
2764,1.8265932454e-5
2765,1.8237875963e-5
2766,1.8152976281e-5
2767,1.8125091515e-5
2768,1.8040718260e-5
2769,1.8013004251e-5
2770,1.7929154183e-5
2771,1.7901609851e-5
2772,1.7818279730e-5
2773,1.7790904053e-5
2774,1.7708090695e-5
2775,1.7680882593e-5
2776,1.7598582758e-5
2777,1.7571541321e-5
2778,1.7489751883e-5
2779,1.7462875860e-5
2780,1.7381593580e-5
2781,1.7354882175e-5
2782,1.7274103925e-5
2783,1.7247556173e-5
2784,1.7167278827e-5
2785,1.7140893590e-5
2786,1.7061114079e-5
2787,1.7034890391e-5
2788,1.6955605588e-5
2789,1.6929542426e-5
2790,1.6850749205e-5
2791,1.6824845716e-5
2792,1.6746541064e-5
2793,1.6720796225e-5
2794,1.6642977243e-5
2795,1.6617390031e-5
2796,1.6540053593e-5
2797,1.6514622985e-5
2798,1.6437766135e-5
2799,1.6412491277e-5
2800,1.6336111003e-5
2801,1.6310990986e-5
2802,1.6235084331e-5
2803,1.6210118076e-5
2804,1.6134682028e-5
2805,1.6109868795e-5
2806,1.6034900568e-5
2807,1.6010239221e-5
2808,1.5935735860e-5
2809,1.5911225546e-5
2810,1.5837184208e-5
2811,1.5812824074e-5
2812,1.5739241803e-5
2813,1.5715030827e-5
2814,1.5641904838e-5
2815,1.5617842223e-5
2816,1.5545169674e-5
2817,1.5521254397e-5
2818,1.5449032503e-5
2819,1.5425263655e-5
2820,1.5353489630e-5
2821,1.5329866358e-5
2822,1.5258537417e-5
2823,1.5235058754e-5
2824,1.5164172112e-5
2825,1.5140837320e-5
2826,1.5070390191e-5
2827,1.5047198360e-5
2828,1.4977188073e-5
2829,1.4954138294e-5
2830,1.4884562177e-5
2831,1.4861653540e-5
2832,1.4792508807e-5
2833,1.4769740574e-5
2834,1.4701024611e-5
2835,1.4678395814e-5
2836,1.4610105950e-5
2837,1.4587615794e-5
2838,1.4519749300e-5
2839,1.4497396990e-5
2840,1.4429951364e-5
2841,1.4407735932e-5
2842,1.4340708503e-5
2843,1.4318629098e-5
2844,1.4252017365e-5
2845,1.4230073191e-5
2846,1.4163874482e-5
2847,1.4142064799e-5
2848,1.4076276614e-5
2849,1.4054600513e-5
2850,1.3989220292e-5
2851,1.3967677035e-5
2852,1.3902702108e-5
2853,1.3881290840e-5
2854,1.3816718763e-5
2855,1.3795438690e-5
2856,1.3731267074e-5
2857,1.3710117287e-5
2858,1.3646343575e-5
2859,1.3625323447e-5
2860,1.3561945138e-5
2861,1.3541053818e-5
2862,1.3478068524e-5
2863,1.3457305158e-5
2864,1.3394710436e-5
2865,1.3374074285e-5
2866,1.3311867747e-5
2867,1.3291357959e-5
2868,1.3229537103e-5
2869,1.3209153110e-5
2870,1.3147715606e-5
2871,1.3127456384e-5
2872,1.3066399845e-5
2873,1.3046264826e-5
2874,1.2985586807e-5
2875,1.2965575195e-5
2876,1.2905273422e-5
2877,1.2885384422e-5
2878,1.2825456508e-5
2879,1.2805689437e-5
2880,1.2746133166e-5
2881,1.2726487114e-5
2882,1.2667300211e-5
2883,1.2647774554e-5
2884,1.2588954633e-5
2885,1.2569548630e-5
2886,1.2511093416e-5
2887,1.2491806388e-5
2888,1.2433713607e-5
2889,1.2414544699e-5
2890,1.2356812192e-5
2891,1.2337760779e-5
2892,1.2280386215e-5
2893,1.2261451502e-5
2894,1.2204432664e-5
2895,1.2185614082e-5
2896,1.2128948754e-5
2897,1.2110245507e-5
2898,1.2053931641e-5
2899,1.2035342934e-5
2900,1.1979378257e-5
2901,1.1960903521e-5
2902,1.1905285646e-5
2903,1.1886924199e-5
2904,1.1831651420e-5
2905,1.1813402409e-5
2906,1.1758472340e-5
2907,1.1740335083e-5
2908,1.1685745619e-5
2909,1.1667719605e-5
2910,1.1613468587e-5
2911,1.1595553019e-5
2912,1.1541638401e-5
2913,1.1523832711e-5
2914,1.1470252389e-5
2915,1.1452555782e-5
2916,1.1399307652e-5
2917,1.1381719560e-5
2918,1.1328801634e-5
2919,1.1311321316e-5
2920,1.1258731490e-5
2921,1.1241358322e-5
2922,1.1189094550e-5
2923,1.1171827907e-5
2924,1.1119888200e-5
2925,1.1102727399e-5
2926,1.1051109766e-5
2927,1.1034054182e-5
2928,1.0982756578e-5
2929,1.0965805416e-5
2930,1.0914825964e-5
2931,1.0897978711e-5
2932,1.0847315366e-5
2933,1.0830571341e-5
2934,1.0780222112e-5
2935,1.0763580804e-5
2936,1.0713543759e-5
2937,1.0697004484e-5
2938,1.0647277634e-5
2939,1.0630839768e-5
2940,1.0581421293e-5
2941,1.0565084153e-5
2942,1.0515972122e-5
2943,1.0499735083e-5
2944,1.0450927618e-5
2945,1.0434790113e-5
2946,1.0386285226e-5
2947,1.0370246741e-5
2948,1.0322042613e-5
2949,1.0306102354e-5
2950,1.0258197108e-5
2951,1.0242354676e-5
2952,1.0194746437e-5
2953,1.0179001094e-5
2954,1.0131688100e-5
2955,1.0116039277e-5
2956,1.0069019652e-5
2957,1.0053466781e-5
2958,1.0006738648e-5
2959,9.9912811606e-6
2960,9.9448427591e-6
2961,9.9294799725e-6
2962,9.8833295397e-6
2963,9.8680609426e-6
2964,9.8221966596e-6
2965,9.8070216836e-6
2966,9.7614418451e-6
2967,9.7463599786e-6
2968,9.7010627087e-6
2969,9.6860732128e-6
2970,9.6410567494e-6
2971,9.6261592262e-6
2972,9.5814218639e-6
2973,9.5666157449e-6
2974,9.5221557785e-6
2975,9.5074403816e-6
2976,9.4632561058e-6
2977,9.4486309195e-6
2978,9.4047206289e-6
2979,9.3901851983e-6
2980,9.3465470741e-6
2981,9.3321007171e-6
2982,9.2887332812e-6
2983,9.2743754863e-6
2984,9.2312769766e-6
2985,9.2170072321e-6
2986,9.1741758865e-6
2987,9.1599936241e-6
2988,9.1174279078e-6
2989,9.1033326157e-6
2990,9.0610307666e-6
2991,9.0470219334e-6
2992,9.0049823598e-6
2993,8.9910594170e-6
2994,8.9492805273e-6
2995,8.9354430202e-6
2996,8.8939231659e-6
2997,8.8801704692e-6
2998,8.8389081156e-6
2999,8.8252397177e-6
3000,8.7842331595e-6
3001,8.7706486056e-6
3002,8.7298963649e-6
3003,8.7163951434e-6
3004,8.6758954581e-6
3005,8.6624770574e-6
3006,8.6222285063e-6
3007,8.6088924149e-6
3008,8.5688934632e-6
3009,8.5556390559e-6
3010,8.5158880552e-6
3011,8.5027149908e-6
3012,8.4632105199e-6
3013,8.4501182300e-6
3014,8.4108586975e-6
3015,8.3978467273e-6
3016,8.3588305984e-6
3017,8.3458984932e-6
3018,8.3071242329e-6
3019,8.2942714243e-6
3020,8.2557376118e-6
3021,8.2429635313e-6
3022,8.2046686884e-6
3023,8.1919729382e-6
3024,8.1539155872e-6
3025,8.1412977693e-6
3026,8.1034763184e-6
3027,8.0909358644e-6
3028,8.0533489495e-6
3029,8.0408854046e-6
3030,8.0035315477e-6
3031,7.9911444573e-6
3032,7.9540221805e-6
3033,7.9417111465e-6
3034,7.9048190287e-6
3035,7.8925834259e-6
3036,7.8559200460e-6
3037,7.8437595903e-6
3038,7.8073235272e-6
3039,7.7952376500e-6
3040,7.7590274827e-6
3041,7.7470156725e-6
3042,7.7110300936e-6
3043,7.6990919524e-6
3044,7.6633294839e-6
3045,7.6514646139e-6
3046,7.6159238347e-6
3047,7.6041317243e-6
3048,7.5688113270e-6
3049,7.5570915214e-6
3050,7.5219901419e-6
3051,7.5103422432e-6
3052,7.4754585739e-6
3053,7.4638820706e-6
3054,7.4292146337e-6
3055,7.4177092415e-6
3056,7.3832567296e-6
3057,7.3718219369e-6
3058,7.3375830993e-6
3059,7.3262183946e-6
3060,7.2921917535e-6
3061,7.2808967957e-6
3062,7.2470811574e-6
3063,7.2358554917e-6
3064,7.2022495488e-6
3065,7.1910927204e-6
3066,7.1576951086e-6
3067,7.1466067766e-6
3068,7.1134163022e-6
3069,7.1023959549e-6
3070,7.0694111969e-6
3071,7.0584584364e-6
3072,7.0256782578e-6
3073,7.0147926863e-6
3074,6.9822157798e-6
3075,6.9713970561e-6
3076,6.9390220574e-6
3077,6.9282697268e-6
3078,6.8960954422e-6
3079,6.8854090500e-6
3080,6.8534343427e-6
3081,6.8428134909e-6
3082,6.8110369966e-6
3083,6.8004813443e-6
3084,6.7689018692e-6
3085,6.7584109047e-6
3086,6.7270272552e-6
3087,6.7166006943e-6
3088,6.6854116199e-6
3089,6.6750490646e-6
3090,6.6440533715e-6
3091,6.6337543672e-6
3092,6.6029508616e-6
3093,6.5927150672e-6
3094,6.5621024987e-6
3095,6.5519294594e-6
3096,6.5215068048e-6
3097,6.5113961796e-6
3098,6.4811621883e-6
3099,6.4711135792e-6
3100,6.4410669438e-6
3101,6.4310800099e-6
3102,6.4012197640e-6
3103,6.3912941073e-6
3104,6.3616189436e-6
3105,6.3517542799e-6
3106,6.3222630615e-6
3107,6.3124588792e-6
3108,6.2831505261e-6
3109,6.2734064841e-6
3110,6.2442799162e-6
3111,6.2345956735e-6
3112,6.2056496972e-6
3113,6.1960249695e-6
3114,6.1672583911e-6
3115,6.1576926100e-6
3116,6.1291044631e-6
3117,6.1195974013e-6
3118,6.0911864921e-6
3119,6.0817378085e-6
3120,6.0535030002e-6
3121,6.0441122969e-6
3122,6.0160526800e-6
3123,6.0067195022e-6
3124,5.9788338262e-6
3125,5.9695580035e-6
3126,5.9418451883e-6
3127,5.9326263226e-6
3128,5.9050853451e-6
3129,5.8959229818e-6
3130,5.8685527620e-6
3131,5.8594466736e-6
3132,5.8322461882e-6
3133,5.8231959201e-6
3134,5.7961640323e-6
3135,5.7871694139e-6
3136,5.7603051005e-6
3137,5.7513656202e-6
3138,5.7246679148e-6
3139,5.7157833453e-6
3140,5.6892511111e-6
3141,5.6804211113e-6
3142,5.6540534388e-6
3143,5.6452775539e-6
3144,5.6190733631e-6
3145,5.6103513089e-6
3146,5.5843096902e-6
3147,5.5756411257e-6
3148,5.5497609424e-6
3149,5.5411456401e-6
3150,5.5154258689e-6
3151,5.5068634879e-6
3152,5.4813032193e-6
3153,5.4727934184e-6
3154,5.4473915725e-6
3155,5.4389339539e-6
3156,5.4136896210e-6
3157,5.4052839573e-6
3158,5.3801961144e-6
3159,5.3718419508e-6
3160,5.3469097452e-6
3161,5.3386069112e-6
3162,5.3138292628e-6
3163,5.3055773606e-6
3164,5.2809533599e-6
3165,5.2727521052e-6
3166,5.2482807860e-6
3167,5.2401297808e-6
3168,5.2158101767e-6
3169,5.2077093073e-6
3170,5.1835405088e-6
3171,5.1754893775e-6
3172,5.1514704182e-6
3173,5.1434686839e-6
3174,5.1195986543e-6
3175,5.1116460327e-6
3176,5.0879240234e-6
3177,5.0800201734e-6
3178,5.0564451612e-6
3179,5.0485899123e-6
3180,5.0251611583e-6
3181,5.0173541126e-6
3182,4.9940705367e-6
3183,4.9863114100e-6
3184,4.9631722163e-6
3185,4.9554607244e-6
3186,4.9324650604e-6
3187,4.9248008622e-6
3188,4.9019477615e-6
3189,4.8943305728e-6
3190,4.8716191827e-6
3191,4.8640488330e-6
3192,4.8414782441e-6
3193,4.8339543355e-6
3194,4.8115236950e-6
3195,4.8040459433e-6
3196,4.7817544555e-6
3197,4.7743226332e-6
3198,4.7521692181e-6
3199,4.7447830980e-6
3200,4.7227670734e-6
3201,4.7154262006e-6
3202,4.6935467708e-6
3203,4.6862509748e-6
3204,4.6645071734e-6
3205,4.6572561700e-6
3206,4.6356472012e-6
3207,4.6284407063e-6
3208,4.6069656605e-6
3209,4.5998034466e-6
3210,4.5784615850e-6
3211,4.5713433110e-6
3212,4.5501337240e-6
3213,4.5430591626e-6
3214,4.5219810545e-6
3215,4.5149499783e-6
3216,4.4940026100e-6
3217,4.4870147349e-6
3218,4.4661973106e-6
3219,4.4592521817e-6
3220,4.4385637921e-6
3221,4.4316614094e-6
3222,4.4111012585e-6
3223,4.4042412242e-6
3224,4.3838086299e-6
3225,4.3769907734e-6
3226,4.3566847694e-6
3227,4.3499086928e-6
3228,4.3297287107e-6
3229,4.3229942435e-6
3230,4.3029392600e-6
3231,4.2962461748e-6
3232,4.2763156216e-6
3233,4.2696635774e-6
3234,4.2498566017e-6
3235,4.2432454279e-6
3236,4.2235612341e-6
3237,4.2169907033e-6
3238,4.1974284954e-6
3239,4.1908982666e-6
3240,4.1714574195e-6
3241,4.1649673221e-6
3242,4.1456469830e-6
3243,4.1391967329e-6
3244,4.1199962197e-6
3245,4.1135855327e-6
3246,4.0945041064e-6
3247,4.0881327550e-6
3248,4.0691696199e-6
3249,4.0628374336e-6
3250,4.0439917939e-6
3251,4.0376985453e-6
3252,4.0189698325e-6
3253,4.0127151237e-6
3254,3.9941025420e-6
3255,3.9878862594e-6
3256,3.9693891267e-6
3257,3.9632109861e-6
3258,3.9448285065e-6
3259,3.9386883941e-6
3260,3.9204198856e-6
3261,3.9143173467e-6
3262,3.8961621271e-6
3263,3.8900971617e-6
3264,3.8720544921e-6
3265,3.8660267023e-6
3266,3.8480959006e-6
3267,3.8421051727e-6
3268,3.8242856135e-6
3269,3.8183316065e-6
3270,3.8006224941e-6
3271,3.7947051510e-6
3272,3.7771058032e-6
3273,3.7712247831e-6
3274,3.7537345179e-6
3275,3.7478895933e-6
3276,3.7305077853e-6
3277,3.7246987858e-6
3278,3.7074248098e-6
3279,3.7016515080e-6
3280,3.6844845681e-6
3281,3.6787466229e-6
3282,3.6616862076e-6
3283,3.6559835053e-6
3284,3.6390289324e-6
3285,3.6333613025e-6
3286,3.6165117194e-6
3287,3.6108788777e-6
3288,3.5941338297e-6
3289,3.5885356056e-6
3290,3.5718943536e-6
3291,3.5663305198e-6
3292,3.5497924387e-6
3293,3.5442627109e-6
3294,3.5278272321e-6
3295,3.5223314399e-6
3296,3.5059978813e-6
3297,3.5005359678e-6
3298,3.4843036474e-6
3299,3.4788751577e-6
3300,3.4627434502e-6
3301,3.4573483845e-6
3302,3.4413167214e-6
3303,3.4359547385e-6
3304,3.4200224945e-6
3305,3.4146934240e-6
3306,3.3988599739e-6
3307,3.3935636452e-6
3308,3.3778283637e-6
3309,3.3725646063e-6
3310,3.3569268680e-6
3311,3.3516955114e-6
3312,3.3361547480e-6
3313,3.3309553373e-6
3314,3.3155109804e-6
3315,3.3103435726e-6
3316,3.2949949968e-6
3317,3.2898593645e-6
3318,3.2746059446e-6
3319,3.2695018035e-6
3320,3.2543428574e-6
3321,3.2492700939e-6
3322,3.2342052236e-6
3323,3.2291636671e-6
3324,3.2141921338e-6
3325,3.2091815569e-6
3326,3.1943028489e-6
3327,3.1893230812e-6
3328,3.1745366300e-6
3329,3.1695874441e-6
3330,3.1548926813e-6
3331,3.1499738498e-6
3332,3.1353702070e-6
3333,3.1304816162e-6
3334,3.1159685250e-6
3335,3.1111098906e-6
3336,3.0966868394e-6
3337,3.0918581047e-6
3338,3.0775244682e-6
3339,3.0727253488e-6
3340,3.0584806154e-6
3341,3.0537109978e-6
3342,3.0395545991e-6
3343,3.0348141991e-6
3344,3.0207455666e-6
3345,3.0160343840e-6
3346,3.0020529493e-6
3347,2.9973706432e-6
3348,2.9834758948e-6
3349,2.9788223515e-6
3350,2.9650137776e-6
3351,2.9603888834e-6
3352,2.9466659157e-6
3353,2.9420694432e-6
3354,2.9284315701e-6
3355,2.9238632351e-6
3356,2.9103099450e-6
3357,2.9057697475e-6
3358,2.8923004720e-6
3359,2.8877881846e-6
3360,2.8744024121e-6
3361,2.8699178642e-6
3362,2.8566150263e-6
3363,2.8521579907e-6
3364,2.8389376894e-6
3365,2.8345080523e-6
3366,2.8213697192e-6
3367,2.8169672532e-6
3368,2.8039104336e-6
3369,2.7995350251e-6
3370,2.7865591505e-6
3371,2.7822106290e-6
3372,2.7693152447e-6
3373,2.7649934395e-6
3374,2.7521779202e-6
3375,2.7478826610e-6
3376,2.7351466088e-6
3377,2.7308777817e-6
3378,2.7182207418e-6
3379,2.7139781196e-6
3380,2.7013995805e-6
3381,2.6971829357e-6
3382,2.6846823857e-6
3383,2.6804917184e-6
3384,2.6680686460e-6
3385,2.6639037856e-6
3386,2.6515576792e-6
3387,2.6474183983e-6
3388,2.6351489737e-6
3389,2.6310349881e-6
3390,2.6188416200e-6
3391,2.6147530434e-6
3392,2.6026352771e-6
3393,2.5985717684e-6
3394,2.5865290922e-6
3395,2.5824904810e-6
3396,2.5705226108e-6
3397,2.5665087833e-6
3398,2.5546150937e-6
3399,2.5506259931e-6
3400,2.5388059157e-6
3401,2.5348414283e-6
3402,2.5230947358e-6
3403,2.5191545205e-6
3404,2.5074805876e-6
3405,2.5035645876e-6
3406,2.4919631301e-6
3407,2.4880711180e-6
3408,2.4765415674e-6
3409,2.4726734864e-6
3410,2.4612154448e-6
3411,2.4573711812e-6
3412,2.4459841370e-6
3413,2.4421635203e-6
3414,2.4308470756e-6
3415,2.4270499352e-6
3416,2.4158037490e-6
3417,2.4120298576e-6
3418,2.4008533046e-6
3419,2.3971026621e-6
3420,2.3859955149e-6
3421,2.3822679509e-6
3422,2.3712295842e-6
3423,2.3675249281e-6
3424,2.3565549441e-6
3425,2.3528730253e-6
3426,2.3419711397e-6
3427,2.3383119014e-6
3428,2.3274776026e-6
3429,2.3238407039e-6
3430,2.3130736508e-6
3431,2.3094591484e-6
3432,2.2987588864e-6
3433,2.2951666097e-6
3434,2.2845325702e-6
3435,2.2809624056e-6
3436,2.2703943614e-6
3437,2.2668460815e-6
3438,2.2563436346e-6
3439,2.2528172394e-6
3440,2.2423798214e-6
3441,2.2388750835e-6
3442,2.2285023533e-6
3443,2.2250191023e-6
3444,2.2147107757e-6
3445,2.2112489546e-6
3446,2.2010044631e-6
3447,2.1975639015e-6
3448,2.1873829610e-6
3449,2.1839636020e-6
3450,2.1738458145e-6
3451,2.1704473738e-6
3452,2.1603922846e-6
3453,2.1570147624e-6
3454,2.1470221441e-6
3455,2.1436653128e-6
3456,2.1337345402e-6
3457,2.1303983999e-6
3458,2.1205293024e-6
3459,2.1172136826e-6
3460,2.1074057486e-6
3461,2.1041104219e-6
3462,2.0943632535e-6
3463,2.0910883336e-6
3464,2.0814015897e-6
3465,2.0781466787e-6
3466,2.0685199615e-6
3467,2.0652851731e-6
3468,2.0557182552e-6
3469,2.0525032483e-6
3470,2.0429956180e-6
3471,2.0398003358e-6
3472,2.0303517090e-6
3473,2.0271760945e-6
3474,2.0177859597e-6
3475,2.0146298993e-6
3476,2.0052980290e-6
3477,2.0021612954e-6
3478,1.9928872916e-6
3479,1.9897698849e-6
3480,1.9805534066e-6
3481,1.9774552129e-6
3482,1.9682958055e-6
3483,1.9652165975e-6
3484,1.9561140903e-6
3485,1.9530537543e-6
3486,1.9440076926e-6
3487,1.9409661718e-6
3488,1.9319761577e-6
3489,1.9289534521e-6
3490,1.9200191446e-6
3491,1.9170150267e-6
3492,1.9081360847e-6
3493,1.9051503841e-6
3494,1.8963265234e-6
3495,1.8933592401e-6
3496,1.8845900058e-6
3497,1.8816409124e-6
3498,1.8729261342e-6
3499,1.8699951170e-6
3500,1.8613343968e-6
3501,1.8584214558e-6
3502,1.8498144527e-6
3503,1.8469193606e-6
3504,1.8383657903e-6
3505,1.8354884901e-6
3506,1.8269878410e-6
3507,1.8241282191e-6
3508,1.8156803776e-6
3509,1.8128383203e-6
3510,1.8044428316e-6
3511,1.8016182821e-6
3512,1.7932748619e-6
3513,1.7904676497e-6
3514,1.7821759002e-6
3515,1.7793859683e-6
3516,1.7711456621e-6
3517,1.7683728402e-6
3518,1.7601836362e-6
3519,1.7574279809e-6
3520,1.7492895381e-6
3521,1.7465507085e-6
3522,1.7384627427e-6
3523,1.7357407387e-6
3524,1.7277029656e-6
3525,1.7249977304e-6
3526,1.7170097522e-6
3527,1.7143211153e-6
3528,1.7063827045e-6
3529,1.7037106090e-6
3530,1.6958214246e-6
3531,1.6931657001e-6
3532,1.6853254579e-6
3533,1.6826861611e-6
3534,1.6748944631e-6
3535,1.6722713667e-6
3536,1.6645280425e-6
3537,1.6619210328e-6
3538,1.6542256844e-6
3539,1.6516347046e-6
3540,1.6439871047e-6
3541,1.6414121546e-6
3542,1.6338118485e-6
3543,1.6312526441e-6
3544,1.6236996316e-6
3545,1.6211561160e-6
3546,1.6136499426e-6
3547,1.6111221157e-6
3548,1.6036624402e-6
3549,1.6011501316e-6
3550,1.5937366697e-6
3551,1.5912398226e-6
3552,1.5838724039e-6
3553,1.5813908476e-6
3554,1.5740691310e-6
3555,1.5716028656e-6
3556,1.5643265669e-6
3557,1.5618754219e-6
3558,1.5546441432e-6
3559,1.5522081185e-6
3560,1.5450217461e-6
3561,1.5426006144e-6
3562,1.5354588072e-6
3563,1.5330525684e-6
3564,1.5259551560e-6
3565,1.5235636965e-6
3566,1.5165102241e-6
3567,1.5141335439e-6
3568,1.5071237272e-6
3569,1.5047617126e-6
3570,1.4977953811e-6
3571,1.4954478047e-6
3572,1.4885247310e-6
3573,1.4861915361e-6
3574,1.4793113223e-6
3575,1.4769925656e-6
3576,1.4701550413e-6
3577,1.4678504385e-6
3578,1.4610553762e-6
3579,1.4587649844e-6
3580,1.4520119294e-6
3581,1.4497356915e-6
3582,1.4430245869e-6
3583,1.4407622757e-6
3584,1.4340928374e-6
3585,1.4318444528e-6
3586,1.4252162828e-6
3587,1.4229817680e-6
3588,1.4163947526e-6
3589,1.4141739939e-6
3590,1.4076277353e-6
3591,1.4054205622e-6
3592,1.3989149465e-6
3593,1.3967214159e-6
3594,1.3902561022e-6
3595,1.3880760434e-6
3596,1.3816508613e-6
3597,1.3794842175e-6
3598,1.3730988826e-6
3599,1.3709454834e-6
3600,1.3645997683e-6
3601,1.3624596136e-6
3602,1.3561532342e-6
3603,1.3540262671e-6
3604,1.3477589391e-6
3605,1.3456450461e-6
3606,1.3394167127e-6
3607,1.3373157799e-6
3608,1.3311259863e-6
3609,1.3290380139e-6
3610,1.3228865896e-6
3611,1.3208114069e-6
3612,1.3146981814e-6
3613,1.3126357885e-6
3614,1.3065604776e-6
3615,1.3045107607e-6
3616,1.2984731370e-6
3617,1.2964360394e-6
3618,1.2904358186e-6
3619,1.2884112834e-6
3620,1.2824481246e-6
3621,1.2804359812e-6
3622,1.2745099411e-6
3623,1.2725101897e-6
3624,1.2666209273e-6
3625,1.2646335108e-6
3626,1.2587806850e-6
3627,1.2568053762e-6
3628,1.2509889302e-6
3629,1.2490258428e-6
3630,1.2432453786e-6
3631,1.2412943420e-6
3632,1.2355498029e-6
3633,1.2336107602e-6
3634,1.2279017483e-6
3635,1.2259746995e-6
3636,1.2203011579e-6
3637,1.2183858757e-6
3638,1.2127474633e-6
3639,1.2108440615e-6
3640,1.2052406646e-6
3641,1.2033488588e-6
3642,1.1977801933e-6
3643,1.1959000403e-6
3644,1.1903658788e-6
3645,1.1884972650e-6
3646,1.1829974937e-6
3647,1.1811404192e-6
3648,1.1756746972e-6
3649,1.1738291050e-6
3650,1.1683972048e-6
3651,1.1665629245e-6
3652,1.1611647892e-6
3653,1.1593417639e-6
3654,1.1539771094e-6
3655,1.1521652823e-6
3656,1.1468339380e-6
3657,1.1450332522e-6
3658,1.1397349340e-6
3659,1.1379453326e-6
3660,1.1326798131e-6
3661,1.1309012962e-6
3662,1.1256685184e-6
3663,1.1239008586e-6
3664,1.1187004816e-6
3665,1.1169437357e-6
3666,1.1117755889e-6
3667,1.1100295296e-6
3668,1.1048934994e-6
3669,1.1031582403e-6
3670,1.0980540424e-6
3671,1.0963294130e-6
3672,1.0912569337e-6
3673,1.0895428773e-6
3674,1.0845017755e-6
3675,1.0827983488e-6
3676,1.0777885109e-6
3677,1.0760956002e-6
3678,1.0711167420e-6
3679,1.0694341768e-6
3680,1.0644862982e-6
3681,1.0628140785e-6
3682,1.0578968386e-6
3683,1.0562349075e-6
3684,1.0513482493e-6
3685,1.0496964933e-6
3686,1.0448400189e-6
3687,1.0431985515e-6
3688,1.0383722042e-6
3689,1.0367407413e-6
3690,1.0319444073e-6
3691,1.0303230056e-6
3692,1.0255564007e-6
3693,1.0239449466e-6
3694,1.0192078435e-6
3695,1.0176062801e-6
3696,1.0128985650e-6
3697,1.0113068925e-6
3698,1.0066283949e-6
3699,1.0050465562e-6
3700,1.0003970488e-6
3701,9.9882481663e-7
