i,j,temperature_K
0,0,300.000000
1,0,300.000000
2,0,300.000000
3,0,300.000000
4,0,300.000000
5,0,300.000000
6,0,300.000000
7,0,300.000000
8,0,300.000000
9,0,300.000000
10,0,300.000000
11,0,300.000000
12,0,300.000000
13,0,300.000000
14,0,300.000000
15,0,300.000000
16,0,300.000000
17,0,300.000000
18,0,300.000000
19,0,300.000000
20,0,300.000000
21,0,300.000000
22,0,300.000000
23,0,300.000000
24,0,300.000000
25,0,300.000000
26,0,300.000000
27,0,300.000000
28,0,300.000000
29,0,300.000000
30,0,300.000000
31,0,300.000000
32,0,300.000000
33,0,300.000000
34,0,300.000000
35,0,300.000000
36,0,300.000000
37,0,300.000000
38,0,300.000000
39,0,300.000000
40,0,300.000000
41,0,300.000000
42,0,300.000000
43,0,300.000000
44,0,300.000000
45,0,300.000000
46,0,300.000000
47,0,300.000000
48,0,300.000000
49,0,300.000000
50,0,300.000000
51,0,300.000000
52,0,300.000000
53,0,300.000000
54,0,300.000000
55,0,300.000000
56,0,300.000000
57,0,300.000000
58,0,300.000000
59,0,300.000000
60,0,300.000000
61,0,300.000000
62,0,300.000000
63,0,300.000000
64,0,300.000000
65,0,300.000000
66,0,300.000000
67,0,300.000000
68,0,300.000000
69,0,300.000000
70,0,300.000000
71,0,300.000000
72,0,300.000000
73,0,300.000000
74,0,300.000000
75,0,300.000000
76,0,300.000000
77,0,300.000000
78,0,300.000000
79,0,300.000000
0,1,300.000000
1,1,300.054845
2,1,300.109867
3,1,300.165240
4,1,300.221140
5,1,300.277737
6,1,300.335200
7,1,300.393691
8,1,300.453367
9,1,300.514376
10,1,300.576857
11,1,300.640935
12,1,300.706720
13,1,300.774301
14,1,300.843748
15,1,300.915097
16,1,300.988356
17,1,301.063493
18,1,301.140432
19,1,301.219044
20,1,301.299147
21,1,301.380495
22,1,301.462777
23,1,301.545609
24,1,301.628539
25,1,301.711045
26,1,301.792542
27,1,301.872388
28,1,301.949901
29,1,302.024371
30,1,302.095081
31,1,302.161326
32,1,302.222436
33,1,302.277789
34,1,302.326828
35,1,302.369074
36,1,302.404123
37,1,302.431655
38,1,302.451427
39,1,302.463270
40,1,302.467082
41,1,302.462830
42,1,302.450542
43,1,302.430314
44,1,302.402311
45,1,302.366770
46,1,302.324008
47,1,302.274424
48,1,302.218493
49,1,302.156770
50,1,302.089872
51,1,302.018468
52,1,301.943260
53,1,301.864962
54,1,301.784283
55,1,301.701903
56,1,301.618461
57,1,301.534540
58,1,301.450660
59,1,301.367271
60,1,301.284751
61,1,301.203411
62,1,301.123491
63,1,301.045172
64,1,300.968576
65,1,300.893775
66,1,300.820796
67,1,300.749628
68,1,300.680225
69,1,300.612516
70,1,300.546402
71,1,300.481769
72,1,300.418484
73,1,300.356403
74,1,300.295369
75,1,300.235219
76,1,300.175783
77,1,300.116888
78,1,300.058353
79,1,300.000000
0,2,300.000000
1,2,300.109514
2,2,300.219382
3,2,300.329955
4,2,300.441583
5,2,300.554609
6,2,300.669372
7,2,300.786197
8,2,300.905400
9,2,301.027280
10,2,301.152117
11,2,301.280163
12,2,301.411642
13,2,301.546739
14,2,301.685592
15,2,301.828284
16,2,301.974835
17,2,302.125186
18,2,302.279189
19,2,302.436598
20,2,302.597049
21,2,302.760058
22,2,302.925003
23,2,303.091119
24,2,303.257502
25,2,303.423100
26,2,303.586734
27,2,303.747110
28,2,303.902845
29,2,304.052502
30,2,304.194626
31,2,304.327788
32,2,304.450629
33,2,304.561891
34,2,304.660451
35,2,304.745343
36,2,304.815763
37,2,304.871070
38,2,304.910784
39,2,304.934570
40,2,304.942230
41,2,304.933695
42,2,304.909024
43,2,304.868404
44,2,304.812158
45,2,304.740761
46,2,304.654840
47,2,304.555193
48,2,304.442779
49,2,304.318715
50,2,304.184249
51,2,304.040739
52,2,303.889609
53,2,303.732307
54,2,303.570267
55,2,303.404869
56,2,303.237401
57,2,303.069040
58,2,302.900829
59,2,302.733672
60,2,302.568324
61,2,302.405401
62,2,302.245383
63,2,302.088621
64,2,301.935357
65,2,301.785728
66,2,301.639782
67,2,301.497490
68,2,301.358758
69,2,301.223435
70,2,301.091325
71,2,300.962190
72,2,300.835765
73,2,300.711757
74,2,300.589853
75,2,300.469724
76,2,300.351027
77,2,300.233414
78,2,300.116525
79,2,300.000000
0,3,300.000000
1,3,300.163829
2,3,300.328191
3,3,300.493615
4,3,300.660627
5,3,300.829746
6,3,301.001481
7,3,301.176325
8,3,301.354756
9,3,301.537229
10,3,301.724167
11,3,301.915959
12,3,302.112948
13,3,302.315421
14,3,302.523597
15,3,302.737614
16,3,302.957515
17,3,303.183226
18,3,303.414543
19,3,303.651108
20,3,303.892395
21,3,304.137686
22,3,304.386056
23,3,304.636366
24,3,304.887249
25,3,305.137119
26,3,305.384186
27,3,305.626474
28,3,305.861869
29,3,306.088166
30,3,306.303132
31,3,306.504573
32,3,306.690401
33,3,306.858694
34,3,307.007743
35,3,307.136086
36,3,307.242515
37,3,307.326079
38,3,307.386069
39,3,307.421996
40,3,307.433572
41,3,307.420697
42,3,307.383456
43,3,307.322118
44,3,307.237159
45,3,307.129274
46,3,306.999399
47,3,306.848730
48,3,306.678717
49,3,306.491060
50,3,306.287672
51,3,306.070632
52,3,305.842129
53,3,305.604389
54,3,305.359611
55,3,305.109903
56,3,304.857234
57,3,304.603389
58,3,304.349946
59,3,304.098263
60,3,303.849473
61,3,303.604488
62,3,303.364017
63,3,303.128574
64,3,302.898504
65,3,302.673998
66,3,302.455114
67,3,302.241793
68,3,302.033882
69,3,301.831143
70,3,301.633271
71,3,301.439902
72,3,301.250630
73,3,301.065009
74,3,300.882563
75,3,300.702795
76,3,300.525189
77,3,300.349214
78,3,300.174333
79,3,300.000000
0,4,300.000000
1,4,300.217612
2,4,300.435938
3,4,300.655687
4,4,300.877565
5,4,301.102268
6,4,301.330480
7,4,301.562867
8,4,301.800072
9,4,302.042712
10,4,302.291364
11,4,302.546559
12,4,302.808771
13,4,303.078400
14,4,303.355761
15,4,303.641062
16,4,303.934385
17,4,304.235661
18,4,304.544648
19,4,304.860899
20,4,305.183738
21,4,305.512234
22,4,305.845172
23,4,306.181039
24,4,306.518008
25,4,306.853944
26,4,307.186415
27,4,307.512731
28,4,307.829991
29,4,308.135162
30,4,308.425164
31,4,308.696972
32,4,308.947709
33,4,309.174741
34,4,309.375743
35,4,309.548742
36,4,309.692131
37,4,309.804663
38,4,309.885418
39,4,309.933773
40,4,309.949365
41,4,309.932067
42,4,309.881983
43,4,309.799456
44,4,309.685087
45,4,309.539777
46,4,309.364754
47,4,309.161609
48,4,308.932299
49,4,308.679137
50,4,308.404746
51,4,308.111990
52,4,307.803887
53,4,307.483510
54,4,307.153884
55,4,306.817901
56,4,306.478244
57,4,306.137336
58,4,305.797304
59,4,305.459963
60,4,305.126816
61,4,304.799062
62,4,304.477622
63,4,304.163154
64,4,303.856088
65,4,303.556647
66,4,303.264881
67,4,302.980688
68,4,302.703835
69,4,302.433985
70,4,302.170713
71,4,301.913518
72,4,301.661844
73,4,301.415084
74,4,301.172595
75,4,300.933705
76,4,300.697718
77,4,300.463922
78,4,300.231594
79,4,300.000000
0,5,300.000000
1,5,300.270682
2,5,300.542261
3,5,300.815630
4,5,301.091678
5,5,301.371282
6,5,301.655304
7,5,301.944590
8,5,302.239955
9,5,302.542185
10,5,302.852019
11,5,303.170144
12,5,303.497176
13,5,303.833648
14,5,304.179986
15,5,304.536489
16,5,304.903302
17,5,305.280387
18,5,305.667489
19,5,306.064101
20,5,306.469426
21,5,306.882341
22,5,307.301361
23,5,307.724610
24,5,308.149802
25,5,308.574234
26,5,308.994802
27,5,309.408044
28,5,309.810202
29,5,310.197326
30,5,310.565392
31,5,310.910441
32,5,311.228722
33,5,311.516819
34,5,311.771747
35,5,311.991008
36,5,312.172606
37,5,312.315024
38,5,312.417169
39,5,312.478315
40,5,312.498047
41,5,312.476222
42,5,312.412955
43,5,312.308634
44,5,312.163957
45,5,311.979992
46,5,311.758232
47,5,311.500654
48,5,311.209735
49,5,310.888444
50,5,310.540184
51,5,310.168694
52,5,309.777921
53,5,309.371881
54,5,308.954515
55,5,308.529572
56,5,308.100505
57,5,307.670408
58,5,307.241972
59,5,306.817470
60,5,306.398765
61,5,305.987325
62,5,305.584256
63,5,305.190334
64,5,304.806046
65,5,304.431622
66,5,304.067078
67,5,303.712241
68,5,303.366784
69,5,303.030251
70,5,302.702077
71,5,302.381615
72,5,302.068144
73,5,301.760889
74,5,301.459030
75,5,301.161713
76,5,300.868057
77,5,300.577164
78,5,300.288119
79,5,300.000000
0,6,300.000000
1,6,300.322855
2,6,300.646793
3,6,300.972896
4,6,301.302236
5,6,301.635877
6,6,301.974867
7,6,302.320233
8,6,302.672974
9,6,303.034053
10,6,303.404384
11,6,303.784822
12,6,304.176144
13,6,304.579031
14,6,304.994047
15,6,305.421606
16,6,305.861948
17,6,306.315097
18,6,306.780822
19,6,307.258591
20,6,307.747525
21,6,308.246344
22,6,308.753322
23,6,309.266241
24,6,309.782357
25,6,310.298388
26,6,310.810517
27,6,311.314441
28,6,311.805450
29,6,312.278551
30,6,312.728637
31,6,313.150679
32,6,313.539921
33,6,313.892068
34,6,314.203418
35,6,314.470937
36,6,314.692263
37,6,314.865659
38,6,314.989918
39,6,315.064270
40,6,315.088287
41,6,315.061820
42,6,314.984983
43,6,314.858169
44,6,314.682117
45,6,314.458001
46,6,314.187530
47,6,313.873040
48,6,313.517543
49,6,313.124721
50,6,312.698854
51,6,312.244682
52,6,311.767224
53,6,311.271577
54,6,310.762725
55,6,310.245367
56,6,309.723797
57,6,309.201820
58,6,308.682705
59,6,308.169182
60,6,307.663450
61,6,307.167217
62,6,306.681742
63,6,306.207881
64,6,305.746139
65,6,305.296720
66,6,304.859569
67,6,304.434416
68,6,304.020811
69,6,303.618156
70,6,303.225732
71,6,302.842721
72,6,302.468229
73,6,302.101298
74,6,301.740922
75,6,301.386058
76,6,301.035634
77,6,300.688556
78,6,300.343717
79,6,300.000000
0,7,300.000000
1,7,300.373944
2,7,300.749162
3,7,301.126924
4,7,301.508493
5,7,301.895124
6,7,302.288054
7,7,302.688502
8,7,303.097657
9,7,303.516670
10,7,303.946643
11,7,304.388617
12,7,304.843547
13,7,305.312287
14,7,305.795565
15,7,306.293943
16,7,306.807790
17,7,307.337233
18,7,307.882112
19,7,308.441919
20,7,309.015740
21,7,309.602190
22,7,310.199344
23,7,310.804675
24,7,311.415000
25,7,312.026444
26,7,312.634439
27,7,313.233756
28,7,313.818605
29,7,314.382791
30,7,314.919929
31,7,315.423716
32,7,315.888215
33,7,316.308114
34,7,316.678921
35,7,316.997059
36,7,317.259852
37,7,317.465429
38,7,317.612576
39,7,317.700563
40,7,317.729011
41,7,317.697790
42,7,317.606987
43,7,317.456942
44,7,317.248341
45,7,316.982365
46,7,316.660848
47,7,316.286434
48,7,315.862677
49,7,315.394044
50,7,314.885829
51,7,314.343955
52,7,313.774715
53,7,313.184481
54,7,312.579441
55,7,311.965375
56,7,311.347499
57,7,310.730370
58,7,310.117849
59,7,309.513102
60,7,308.918636
61,7,308.336354
62,7,307.767616
63,7,307.213310
64,7,306.673911
65,7,306.149549
66,7,305.640062
67,7,305.145043
68,7,304.663889
69,7,304.195832
70,7,303.739973
71,7,303.295309
72,7,302.860753
73,7,302.435152
74,7,302.017304
75,7,301.605965
76,7,301.199865
77,7,300.797710
78,7,300.398195
79,7,300.000000
0,8,300.000000
1,8,300.423761
2,8,300.848988
3,8,301.277145
4,8,301.709690
5,8,302.148072
6,8,302.593725
7,8,303.048065
8,8,303.512482
9,8,303.988327
10,8,304.476905
11,8,304.979456
12,8,305.497140
13,8,306.031009
14,8,306.581983
15,8,307.150812
16,8,307.738036
17,8,308.343936
18,8,308.968476
19,8,309.611234
20,8,310.271328
21,8,310.947333
22,8,311.637190
23,8,312.338116
24,8,313.046524
25,8,313.757953
26,8,314.467039
27,8,315.167539
28,8,315.852426
29,8,316.514079
30,8,317.144572
31,8,317.736044
32,8,318.281110
33,8,318.773253
34,8,319.207095
35,8,319.578526
36,8,319.884656
37,8,320.123633
38,8,320.294393
39,8,320.396395
40,8,320.429404
41,8,320.393341
42,8,320.288235
43,8,320.114271
44,8,319.871943
45,8,319.562270
46,8,319.187062
47,8,318.749174
48,8,318.252686
49,8,317.702949
50,8,317.106464
51,8,316.470597
52,8,315.803201
53,8,315.112193
54,8,314.405184
55,8,313.689194
56,8,312.970454
57,8,312.254315
58,8,311.545221
59,8,310.846742
60,8,310.161640
61,8,309.491947
62,8,308.839061
63,8,308.203832
64,8,307.586647
65,8,306.987506
66,8,306.406087
67,8,305.841807
68,8,305.293871
69,8,304.761310
70,8,304.243020
71,8,303.737790
72,8,303.244322
73,8,302.761255
74,8,302.287175
75,8,301.820633
76,8,301.360150
77,8,300.904227
78,8,300.451350
79,8,300.000000
0,9,300.000000
1,9,300.472111
2,9,300.945884
3,9,301.422978
4,9,301.905051
5,9,302.393748
6,9,302.890709
7,9,303.397554
8,9,303.915880
9,9,304.447253
10,9,304.993194
11,9,305.555165
12,9,306.134550
13,9,306.732628
14,9,307.350548
15,9,307.989287
16,9,308.649608
17,9,309.332002
18,9,310.036623
19,9,310.763214
20,9,311.511006
21,9,312.278625
22,9,313.063968
23,9,313.864079
24,9,314.675030
25,9,315.491805
26,9,316.308226
27,9,317.116936
28,9,317.909482
29,9,318.676530
30,9,319.408239
31,9,320.094777
32,9,320.726931
33,9,321.296693
34,9,321.797680
35,9,322.225297
36,9,322.576615
37,9,322.850055
38,9,323.044967
39,9,323.161222
40,9,323.198871
41,9,323.157938
42,9,323.038340
43,9,322.839966
44,9,322.562891
45,9,322.207711
46,9,321.775957
47,9,321.270515
48,9,320.695946
49,9,320.058604
50,9,319.366480
51,9,318.628771
52,9,317.855301
53,9,317.055905
54,9,316.239911
55,9,315.415763
56,9,314.590809
57,9,313.771215
58,9,312.961978
59,9,312.167008
60,9,311.389235
61,9,310.630734
62,9,309.892850
63,9,309.176311
64,9,308.481341
65,9,307.807741
66,9,307.154974
67,9,306.522230
68,9,305.908478
69,9,305.312518
70,9,304.733010
71,9,304.168510
72,9,303.617492
73,9,303.078371
74,9,302.549510
75,9,302.029243
76,9,301.515875
77,9,301.007696
78,9,300.502981
79,9,300.000000
0,10,300.000000
1,10,300.518799
2,10,301.039458
3,10,301.563835
4,10,302.093786
5,10,302.631163
6,10,303.177811
7,10,303.735562
8,10,304.306232
9,10,304.891612
10,10,305.493455
11,10,306.113462
12,10,306.753267
13,10,307.414407
14,10,308.098296
15,10,308.806184
16,10,309.539109
17,10,310.297841
18,10,311.082805
19,10,311.893993
20,10,312.730861
21,10,313.592197
22,10,314.475979
23,10,315.379204
24,10,316.297713
25,10,317.226014
26,10,318.157127
27,10,319.082499
28,10,319.992036
29,10,320.874322
30,10,321.717078
31,10,322.507896
32,10,323.235146
33,10,323.888908
34,10,324.461637
35,10,324.948366
36,10,325.346453
37,10,325.655005
38,10,325.874201
39,10,326.004655
40,10,326.046922
41,10,326.001199
42,10,325.867221
43,10,325.644363
44,10,325.331945
45,10,324.929726
46,10,324.438541
47,10,323.860984
48,10,323.201979
49,10,322.469044
50,10,321.672081
51,10,320.822706
52,10,319.933327
53,10,319.016217
54,10,318.082792
55,10,317.143140
56,10,316.205806
57,10,315.277758
58,10,314.364470
59,10,313.470079
60,10,312.597561
61,10,311.748907
62,10,310.925293
63,10,310.127225
64,10,309.354666
65,10,308.607144
66,10,307.883840
67,10,307.183660
68,10,306.505296
69,10,305.847275
70,10,305.207991
71,10,304.585747
72,10,303.978768
73,10,303.385226
74,10,302.803253
75,10,302.230954
76,10,301.666413
77,10,301.107700
78,10,300.552877
79,10,300.000000
0,11,300.000000
1,11,300.563628
2,11,301.129315
3,11,301.699118
4,11,302.275097
5,11,302.859308
6,11,303.453810
7,11,304.060652
8,11,304.681877
9,11,305.319510
10,11,305.975552
11,11,306.651964
12,11,307.350651
13,11,308.073440
14,11,308.822047
15,11,309.598044
16,11,310.402806
17,11,311.237451
18,11,312.102763
19,11,312.999095
20,11,313.926249
21,11,314.883326
22,11,315.868549
23,11,316.879046
24,11,317.910607
25,11,318.957412
26,11,320.011770
27,11,321.063899
28,11,322.101844
29,11,323.111643
30,11,324.077859
31,11,324.984583
32,11,325.816849
33,11,326.562159
34,11,327.211595
35,11,327.760080
36,11,328.205825
37,11,328.549312
38,11,328.792179
39,11,328.936274
40,11,328.982963
41,11,328.932717
42,11,328.784984
43,11,328.538320
44,11,328.190800
45,11,327.740709
46,11,327.187499
47,11,326.532901
48,11,325.781943
49,11,324.943513
50,11,324.030094
51,11,323.056648
52,11,322.039085
53,11,320.992847
54,11,319.931901
55,11,318.868200
56,11,317.811521
57,11,316.769542
58,11,315.748066
59,11,314.751279
60,11,313.782023
61,11,312.842041
62,11,311.932192
63,11,311.052630
64,11,310.202956
65,11,309.382331
66,11,308.589583
67,11,307.823276
68,11,307.081774
69,11,306.363294
70,11,305.665936
71,11,304.987721
72,11,304.326607
73,11,303.680512
74,11,303.047323
75,11,302.424908
76,11,301.811123
77,11,301.203815
78,11,300.600827
79,11,300.000000
0,12,300.000000
1,12,300.606399
2,12,301.215056
3,12,301.828227
4,12,302.448174
5,12,303.077165
6,12,303.717469
7,12,304.371361
8,12,305.041115
9,12,305.729002
10,12,306.437282
11,12,307.168193
12,12,307.923936
13,12,308.706656
14,12,309.518411
15,12,310.361143
16,12,311.236622
17,12,312.146397
18,12,313.091704
19,12,314.073379
20,12,315.091716
21,12,316.146312
22,12,317.235846
23,12,318.357826
24,12,319.508258
25,12,320.681261
26,12,321.868645
27,12,323.059483
28,12,324.239801
29,12,325.392550
30,12,326.498132
31,12,327.535728
32,12,328.485510
33,12,329.331286
34,12,330.062504
35,12,330.674533
36,12,331.167459
37,12,331.544239
38,12,331.808929
39,12,331.965302
40,12,332.015939
41,12,331.961723
42,12,331.801678
43,12,331.533135
44,12,331.152227
45,12,330.654812
46,12,330.037847
47,12,329.301178
48,12,328.449379
49,12,327.492972
50,12,326.448137
51,12,325.334708
52,12,324.173519
53,12,322.984185
54,12,321.783766
55,12,320.586241
56,12,319.402535
57,12,318.240826
58,12,317.106975
59,12,316.004950
60,12,314.937213
61,12,313.905044
62,12,312.908805
63,12,311.948151
64,12,311.022197
65,12,310.129644
66,12,309.268887
67,12,308.438087
68,12,307.635233
69,12,306.858191
70,12,306.104739
71,12,305.372594
72,12,304.659428
73,12,303.962893
74,12,303.280619
75,12,302.610233
76,12,301.949357
77,12,301.295611
78,12,300.646617
79,12,300.000000
0,13,300.000000
1,13,300.646914
2,13,301.296282
3,13,301.950559
4,13,302.612210
5,13,303.283710
6,13,303.967543
7,13,304.666209
8,13,305.382221
9,13,306.118102
10,13,306.876382
11,13,307.659591
12,13,308.470247
13,13,309.310838
14,13,310.183802
15,13,311.091495
16,13,312.036147
17,13,313.019811
18,13,314.044281
19,13,315.111002
20,13,316.220929
21,13,317.374360
22,13,318.570701
23,13,319.808158
24,13,321.083339
25,13,322.390731
26,13,323.722067
27,13,325.065590
28,13,326.405328
29,13,327.720626
30,13,328.986393
31,13,330.174690
32,13,331.258178
33,13,332.214972
34,13,333.032604
35,13,333.708092
36,13,334.245239
37,13,334.651257
38,13,334.933996
39,13,335.100067
40,13,335.153770
41,13,335.096557
42,13,334.926872
43,13,334.640314
44,13,334.230162
45,13,333.688464
46,13,333.007902
47,13,332.184585
48,13,331.221426
49,13,330.130860
50,13,328.934774
51,13,327.660529
52,13,326.336100
53,13,324.986610
54,13,323.632738
55,13,322.290466
56,13,320.971553
57,13,319.684253
58,13,318.434059
59,13,317.224335
60,13,316.056837
61,13,314.932119
62,13,313.849835
63,13,312.808974
64,13,311.808037
65,13,310.845164
66,13,309.918237
67,13,309.024953
68,13,308.162880
69,13,307.329500
70,13,306.522238
71,13,305.738487
72,13,304.975622
73,13,304.231012
74,13,303.502029
75,13,302.786049
76,13,302.080460
77,13,301.382653
78,13,300.690031
79,13,300.000000
0,14,300.000000
1,14,300.684976
2,14,301.372598
3,14,302.065518
4,14,302.766400
5,14,303.477922
6,14,304.202785
7,14,304.943713
8,14,305.703460
9,14,306.484804
10,14,307.290556
11,14,308.123546
12,14,308.986625
13,14,309.882649
14,14,310.814466
15,14,311.784889
16,14,312.796664
17,14,313.852421
18,14,314.954612
19,14,316.105421
20,14,317.306640
21,14,318.559501
22,14,319.864441
23,14,321.220770
24,14,322.626211
25,14,324.076259
26,14,325.563305
27,14,327.075484
28,14,328.595296
29,14,330.098236
30,14,331.552125
31,14,332.918461
32,14,334.157542
33,14,335.237823
34,14,336.144847
35,14,336.879993
36,14,337.454147
37,14,337.881558
38,14,338.175730
39,14,338.347201
40,14,338.402519
41,14,338.343863
42,14,338.168941
43,14,337.871089
44,14,337.439646
45,14,336.860980
46,14,336.120711
47,14,335.207835
48,14,334.120882
49,14,332.874271
50,14,331.499569
51,14,330.036536
52,14,328.523742
53,14,326.993419
54,14,325.470111
55,14,323.971335
56,14,322.508958
57,14,321.090578
58,14,319.720675
59,14,318.401494
60,14,317.133684
61,14,315.916763
62,14,314.749443
63,14,313.629877
64,14,312.555815
65,14,311.524739
66,14,310.533944
67,14,309.580609
68,14,308.661836
69,14,307.774692
70,14,306.916228
71,14,306.083496
72,14,305.273561
73,14,304.483505
74,14,303.710435
75,14,302.951477
76,14,302.203780
77,14,301.464512
78,14,300.730855
79,14,300.000000
0,15,300.000000
1,15,300.720392
2,15,301.443617
3,15,302.172517
4,15,302.909949
5,15,303.658794
6,15,304.421962
7,15,305.202401
8,15,306.003102
9,15,306.827103
10,15,307.677493
11,15,308.557414
12,15,309.470059
13,15,310.418671
14,15,311.406528
15,15,312.436936
16,15,313.513201
17,15,314.638599
18,15,315.816327
19,15,317.049432
20,15,318.340711
21,15,319.692567
22,15,321.106796
23,15,322.584272
24,15,324.124478
25,15,325.724792
26,15,327.379412
27,15,329.077748
28,15,330.802137
29,15,332.524897
30,15,334.205413
31,15,335.789489
32,15,337.215705
33,15,338.433933
34,15,339.428969
35,15,340.212888
36,15,340.809800
37,15,341.245097
38,15,341.540168
39,15,341.710487
40,15,341.765243
41,15,341.707434
42,15,341.533943
43,15,341.235453
44,15,340.796353
45,15,340.195099
46,15,339.406129
47,15,338.405164
48,15,337.179995
49,15,335.745774
50,15,334.152698
51,15,332.462307
52,15,330.728913
53,15,328.993217
54,15,327.282953
55,15,325.615806
56,15,324.002369
57,15,322.448426
58,15,320.956572
59,15,319.527285
60,15,318.159645
61,15,316.851805
62,15,315.601302
63,15,314.405275
64,15,313.260609
65,15,312.164034
66,15,311.112196
67,15,310.101704
68,15,309.129165
69,15,308.191207
70,15,307.284488
71,15,306.405710
72,15,305.551621
73,15,304.719015
74,15,303.904729
75,15,303.105644
76,15,302.318673
77,15,301.540761
78,15,300.768876
79,15,300.000000
0,16,300.000000
1,16,300.752974
2,16,301.508961
3,16,302.270984
4,16,303.042087
5,16,303.825344
6,16,304.623870
7,16,305.440829
8,16,306.279447
9,16,307.143014
10,16,308.034901
11,16,308.958560
12,16,309.917531
13,16,310.915449
14,16,311.956042
15,16,313.043128
16,16,314.180608
17,16,315.372451
18,16,316.622669
19,16,317.935272
20,16,319.314208
21,16,320.763263
22,16,322.285906
23,16,323.885047
24,16,325.562640
25,16,327.319023
26,16,329.151805
27,16,331.053961
28,16,333.010608
29,16,334.993804
30,16,336.955143
31,16,338.818377
32,16,340.481859
33,16,341.853235
34,16,342.924209
35,16,343.732792
36,16,344.327067
37,16,344.748863
38,16,345.029357
39,16,345.189337
40,16,345.240534
41,16,345.186690
42,16,345.023942
43,16,344.740430
44,16,344.315215
45,16,343.716935
46,16,342.903542
47,16,341.826699
48,16,340.448162
49,16,338.776131
50,16,336.903143
51,16,334.931081
52,16,332.936386
53,16,330.967584
54,16,329.052678
55,16,327.206571
56,16,325.436286
57,16,323.744188
58,16,322.129902
59,16,320.591430
60,16,319.125810
61,16,317.729512
62,16,316.398686
63,16,315.129316
64,16,313.917315
65,16,312.758595
66,16,311.649102
67,16,310.584847
68,16,309.561916
69,16,308.576483
70,16,307.624807
71,16,306.703237
72,16,305.808201
73,16,304.936205
74,16,304.083825
75,16,303.247697
76,16,302.424507
77,16,301.610984
78,16,300.803888
79,16,300.000000
0,17,300.000000
1,17,300.782544
2,17,301.568270
3,17,302.360372
4,17,303.162072
5,17,303.976627
6,17,304.807346
7,17,305.657601
8,17,306.530843
9,17,307.430609
10,17,308.360540
11,17,309.324395
12,17,310.326059
13,17,311.369556
14,17,312.459066
15,17,313.598928
16,17,314.793654
17,17,316.047932
18,17,317.366629
19,17,318.754782
20,17,320.217589
21,17,321.760373
22,17,323.388521
23,17,325.107374
24,17,326.922014
25,17,328.836856
26,17,330.854826
27,17,332.975687
28,17,335.192531
29,17,337.484570
30,17,339.802981
31,17,342.047016
32,17,344.040121
33,17,345.572941
34,17,346.681840
35,17,347.467003
36,17,348.016816
37,17,348.393930
38,17,348.639062
39,17,348.776972
40,17,348.820865
41,17,348.774849
42,17,348.634707
43,17,348.387109
44,17,348.007143
45,17,347.453886
46,17,346.664405
47,17,345.549928
48,17,344.009823
49,17,342.007448
50,17,339.752662
51,17,337.422490
52,17,335.117969
53,17,332.888058
54,17,330.753604
55,17,328.721517
56,17,326.792017
57,17,324.962139
58,17,323.227422
59,17,321.582727
60,17,320.022654
61,17,318.541748
62,17,317.134617
63,17,315.795988
64,17,314.520743
65,17,313.303930
66,17,312.140774
67,17,311.026668
68,17,309.957172
69,17,308.928003
70,17,307.935024
71,17,306.974230
72,17,306.041741
73,17,305.133780
74,17,304.246670
75,17,303.376812
76,17,302.520674
77,17,301.674779
78,17,300.835691
79,17,300.000000
0,18,300.000000
1,18,300.808932
2,18,301.621202
3,18,302.440164
4,18,303.269203
5,18,304.111747
6,18,304.971287
7,18,305.851390
8,18,306.755716
9,18,307.688039
10,18,308.652259
11,18,309.652425
12,18,310.692755
13,18,311.777654
14,18,312.911740
15,18,314.099868
16,18,315.347152
17,18,316.658999
18,18,318.041134
19,18,319.499641
20,18,321.040997
21,18,322.672122
22,18,324.400433
23,18,326.233916
24,18,328.181189
25,18,330.251562
26,18,332.454960
27,18,334.801430
28,18,337.299262
29,18,339.948965
30,18,342.725197
31,18,345.526587
32,18,348.058669
33,18,349.716569
34,18,350.763208
35,18,351.436564
36,18,351.879264
37,18,352.170981
38,18,352.355989
39,18,352.458623
40,18,352.491105
41,18,352.457135
42,18,352.352926
43,18,352.166159
44,18,351.872362
45,18,351.427062
46,18,350.750264
47,18,349.698787
48,18,348.033753
49,18,345.491179
50,18,342.677566
51,18,339.888251
52,18,337.224941
53,18,334.713078
54,18,332.352165
55,18,330.133879
56,18,328.048129
57,18,326.084933
58,18,324.234920
59,18,322.489404
60,18,320.840332
61,18,319.280213
62,18,317.802048
63,18,316.399279
64,18,315.065739
65,18,313.795612
66,18,312.583397
67,18,311.423881
68,18,310.312103
69,18,309.243336
70,18,308.213056
71,18,307.216922
72,18,306.250752
73,18,305.310507
74,18,304.392265
75,18,303.492207
76,18,302.606599
77,18,301.731769
78,18,300.864099
79,18,300.000000
0,19,300.000000
1,19,300.831981
2,19,301.667442
3,19,302.509881
4,19,303.362830
5,19,304.229874
6,19,305.114667
7,19,306.020956
8,19,306.952596
9,19,307.913575
10,19,308.908034
11,19,309.940295
12,19,311.014884
13,19,312.136567
14,19,313.310376
15,19,314.541653
16,19,315.836090
17,19,317.199779
18,19,318.639272
19,19,320.161655
20,19,321.774639
21,19,323.486686
22,19,325.307178
23,19,327.246670
24,19,329.317268
25,19,331.533245
26,19,333.912025
27,19,336.475812
28,19,339.254124
29,19,342.286832
30,19,345.622257
31,19,349.275468
32,19,352.951398
33,19,354.471457
34,19,355.217861
35,19,355.636780
36,19,355.892697
37,19,356.054742
38,19,356.155290
39,19,356.210428
40,19,356.227798
41,19,356.209660
42,19,356.153706
43,19,356.052237
44,19,355.889084
45,19,355.631737
46,19,355.210801
47,19,354.461203
48,19,352.935226
49,19,349.245947
50,19,345.578174
51,19,342.228009
52,19,339.180466
53,19,336.387151
54,19,333.808099
55,19,331.413706
56,19,329.181689
57,19,327.094544
58,19,325.137923
59,19,323.299639
60,19,321.569061
61,19,319.936725
62,19,318.394085
63,19,316.933344
64,19,315.547325
65,19,314.229383
66,19,312.973325
67,19,311.773356
68,19,310.624026
69,19,309.520184
70,19,308.456944
71,19,307.429650
72,19,306.433841
73,19,305.465231
74,19,304.519676
75,19,303.593155
76,19,302.681745
77,19,301.781600
78,19,300.888935
79,19,300.000000
0,20,300.000000
1,20,300.851551
2,20,301.706706
3,20,302.569089
4,20,303.442364
5,20,304.330251
6,20,305.236553
7,20,306.165173
8,20,307.120140
9,20,308.105634
10,20,309.126011
11,20,310.185838
12,20,311.289924
13,20,312.443357
14,20,313.651548
15,20,314.920283
16,20,316.255780
17,20,317.664759
18,20,319.154524
19,20,320.733070
20,20,322.409222
21,20,324.192809
22,20,326.094927
23,20,328.128319
24,20,330.307972
25,20,332.652128
26,20,335.184086
27,20,337.935673
28,20,340.954589
29,20,344.321984
30,20,348.201531
31,20,353.001632
32,20,360.000000
33,20,360.000000
34,20,360.000000
35,20,360.000000
36,20,360.000000
37,20,360.000000
38,20,360.000000
39,20,360.000000
40,20,360.000000
41,20,360.000000
42,20,360.000000
43,20,360.000000
44,20,360.000000
45,20,360.000000
46,20,360.000000
47,20,360.000000
48,20,360.000000
49,20,352.979211
50,20,348.161174
51,20,344.265147
52,20,340.881765
53,20,337.846961
54,20,335.079374
55,20,332.531160
56,20,330.170379
57,20,327.973634
58,20,325.922590
59,20,324.002172
60,20,322.199550
61,20,320.503542
62,20,318.904226
63,20,317.392689
64,20,315.960838
65,20,314.601271
66,20,313.307166
67,20,312.072195
68,20,310.890461
69,20,309.756431
70,20,308.664889
71,20,307.610893
72,20,306.589734
73,20,305.596902
74,20,304.628055
75,20,303.678993
76,20,302.745625
77,20,301.823953
78,20,300.910041
79,20,300.000000
0,21,300.000000
1,21,300.867516
2,21,301.738741
3,21,302.617407
4,21,303.507286
5,21,304.412216
6,21,305.336123
7,21,306.283045
8,21,307.257160
9,21,308.262810
10,21,309.304540
11,21,310.387127
12,21,311.515620
13,21,312.695391
14,21,313.932178
15,21,315.232154
16,21,316.601993
17,21,318.048956
18,21,319.580997
19,21,321.206885
20,21,322.936372
21,21,324.780403
22,21,326.751407
23,21,328.863710
24,21,331.134174
25,21,333.583211
26,21,336.236520
27,21,339.128206
28,21,342.306579
29,21,345.844987
30,21,349.860251
31,21,354.529528
32,21,360.000000
33,21,360.000000
34,21,360.000000
35,21,360.000000
36,21,360.000000
37,21,360.000000
38,21,360.000000
39,21,360.000000
40,21,360.000000
41,21,360.000000
42,21,360.000000
43,21,360.000000
44,21,360.000000
45,21,360.000000
46,21,360.000000
47,21,360.000000
48,21,360.000000
49,21,354.509724
50,21,349.822166
51,21,345.789639
52,21,342.234487
53,21,339.039557
54,21,336.131279
55,21,333.461183
56,21,330.995035
57,21,328.707024
58,21,326.576634
59,21,324.586910
60,21,322.723429
61,21,320.973669
62,21,319.326591
63,21,317.772348
64,21,316.302070
65,21,314.907701
66,21,313.581873
67,21,312.317801
68,21,311.109195
69,21,309.950192
70,21,308.835290
71,21,307.759301
72,21,306.717300
73,21,305.704588
74,21,304.716652
75,21,303.749136
76,21,302.797811
77,21,301.858545
78,21,300.927278
79,21,300.000000
0,22,300.000000
1,22,300.879772
2,22,301.763338
3,22,302.654512
4,22,303.557158
5,22,304.475205
6,22,305.412679
7,22,306.373727
8,22,307.362645
9,22,308.383910
10,22,309.442216
11,22,310.542511
12,22,311.690043
13,22,312.890411
14,22,314.149623
15,22,315.474166
16,22,316.871084
17,22,318.348080
18,22,319.913625
19,22,321.577103
20,22,323.348982
21,22,325.241029
22,22,327.266589
23,22,329.440944
24,22,331.781807
25,22,334.310024
26,22,337.050578
27,22,340.034054
28,22,343.298534
29,22,346.891135
30,22,350.864959
31,22,355.256229
32,22,360.000000
33,22,360.000000
34,22,360.000000
35,22,360.000000
36,22,360.000000
37,22,360.000000
38,22,360.000000
39,22,360.000000
40,22,360.000000
41,22,360.000000
42,22,360.000000
43,22,360.000000
44,22,360.000000
45,22,360.000000
46,22,360.000000
47,22,360.000000
48,22,360.000000
49,22,355.237518
50,22,350.828128
51,22,346.836759
52,22,343.226987
53,22,339.945501
54,22,336.945004
55,22,334.187261
56,22,331.641557
57,22,329.282793
58,22,327.090016
59,22,325.045408
60,22,323.133589
61,22,321.341116
62,22,319.656125
63,22,318.068046
64,22,316.567394
65,22,315.145592
66,22,313.794828
67,22,312.507942
68,22,311.278329
69,22,310.099852
70,22,308.966780
71,22,307.873723
72,22,306.815580
73,22,305.787499
74,22,304.784828
75,22,303.803089
76,22,302.837938
77,22,301.885137
78,22,300.940527
79,22,300.000000
0,23,300.000000
1,23,300.888236
2,23,301.780326
3,23,302.680148
4,23,303.591629
5,23,304.518768
6,23,305.465664
7,23,306.436541
8,23,307.435786
9,23,308.467972
10,23,309.537905
11,23,310.650660
12,23,311.811632
13,23,313.026590
14,23,314.301741
15,23,315.643805
16,23,317.060102
17,23,318.558658
18,23,320.148324
19,23,321.838923
20,23,323.641426
21,23,325.568146
22,23,327.632980
23,23,329.851671
24,23,332.242089
25,23,334.824501
26,23,337.621720
27,23,340.658898
28,23,343.962370
29,23,347.556062
30,23,351.452222
31,23,355.630429
32,23,360.000000
33,23,360.000000
34,23,360.000000
35,23,360.000000
36,23,360.000000
37,23,360.000000
38,23,360.000000
39,23,360.000000
40,23,360.000000
41,23,360.000000
42,23,360.000000
43,23,360.000000
44,23,360.000000
45,23,360.000000
46,23,360.000000
47,23,360.000000
48,23,360.000000
49,23,355.612221
50,23,351.416069
51,23,347.502281
52,23,343.891202
53,23,340.570456
54,23,337.515978
55,23,334.701299
56,23,332.101142
57,23,329.692578
58,23,327.455229
59,23,325.371120
60,23,323.424404
61,23,321.601085
62,23,319.888747
63,23,318.276319
64,23,316.753872
65,23,315.312446
66,23,313.943906
67,23,312.640814
68,23,311.396327
69,23,310.204110
70,23,309.058258
71,23,307.953232
72,23,306.883801
73,23,305.844999
74,23,304.832075
75,23,303.840456
76,23,302.865716
77,23,301.903540
78,23,300.949694
79,23,300.000000
0,24,300.000000
1,24,300.892845
2,24,301.789581
3,24,302.694126
4,24,303.610444
5,24,304.542577
6,24,305.494668
7,24,306.470991
8,24,307.475987
9,24,308.514290
10,24,309.590775
11,24,310.710596
12,24,311.879239
13,24,313.102580
14,24,314.386950
15,24,315.739214
16,24,317.166865
17,24,318.678129
18,24,320.282092
19,24,321.988845
20,24,323.809656
21,24,325.757153
22,24,327.845518
23,24,330.090673
24,24,332.510379
25,24,335.124174
26,24,337.952902
27,24,341.017452
28,24,344.335986
29,24,347.918524
30,24,351.757439
31,24,355.813265
32,24,360.000000
33,24,360.000000
34,24,360.000000
35,24,360.000000
36,24,360.000000
37,24,360.000000
38,24,360.000000
39,24,360.000000
40,24,360.000000
41,24,360.000000
42,24,360.000000
43,24,360.000000
44,24,360.000000
45,24,360.000000
46,24,360.000000
47,24,360.000000
48,24,360.000000
49,24,355.795298
50,24,351.721646
51,24,347.865097
52,24,344.265085
53,24,340.929147
54,24,337.847152
55,24,335.000818
56,24,332.369137
57,24,329.931149
58,24,327.667206
59,24,325.559440
60,24,323.591825
61,24,321.750076
62,24,320.021462
63,24,318.394613
64,24,316.859330
65,24,315.406418
66,24,314.027539
67,24,312.715082
68,24,311.462058
69,24,310.262006
70,24,309.108912
71,24,307.997146
72,24,306.921396
73,24,305.876624
74,24,304.858016
75,24,303.860945
76,24,302.880931
77,24,301.913612
78,24,300.954709
79,24,300.000000
0,25,300.000000
1,25,300.893563
2,25,301.791030
3,25,302.696331
4,25,303.613446
5,25,304.546429
6,25,305.499440
7,25,306.476772
8,25,307.482882
9,25,308.522429
10,25,309.600311
11,25,310.721712
12,25,311.892152
13,25,313.117544
14,25,314.404267
15,25,315.759240
16,25,317.190020
17,25,318.704906
18,25,320.313072
19,25,322.024712
20,25,323.851204
21,25,325.805292
22,25,327.901271
23,25,330.155126
24,25,332.584584
25,25,335.208917
26,25,338.048266
27,25,341.122024
28,25,344.445600
29,25,348.024609
30,25,351.845745
31,25,355.865194
32,25,360.000000
33,25,360.000000
34,25,360.000000
35,25,360.000000
36,25,360.000000
37,25,360.000000
38,25,360.000000
39,25,360.000000
40,25,360.000000
41,25,360.000000
42,25,360.000000
43,25,360.000000
44,25,360.000000
45,25,360.000000
46,25,360.000000
47,25,360.000000
48,25,360.000000
49,25,355.847327
50,25,351.810119
51,25,347.971378
52,25,344.374893
53,25,341.033896
54,25,337.942668
55,25,335.085686
56,25,332.443440
57,25,329.995676
58,25,327.723010
59,25,325.607609
60,25,323.633383
61,25,321.785934
62,25,320.052416
63,25,318.421344
64,25,316.882420
65,25,315.426360
66,25,314.044751
67,25,312.729919
68,25,311.474819
69,25,310.272944
70,25,309.118241
71,25,308.005044
72,25,306.928014
73,25,305.882086
74,25,304.862423
75,25,303.864378
76,25,302.883452
77,25,301.915267
78,25,300.955529
79,25,300.000000
0,26,300.000000
1,26,300.890376
2,26,301.784645
3,26,302.686724
4,26,303.600580
5,26,304.530255
6,26,305.479894
7,26,306.453777
8,26,307.456343
9,26,308.492235
10,26,309.566331
11,26,310.683793
12,26,311.850114
13,26,313.071181
14,26,314.353337
15,26,315.703463
16,26,317.129070
17,26,318.638406
18,26,320.240583
19,26,321.945731
20,26,323.765158
21,26,325.711546
22,26,327.799150
23,26,330.043980
24,26,332.463915
25,26,335.078648
26,26,337.909222
27,26,340.976779
28,26,344.299783
29,26,347.888569
30,26,351.735740
31,26,355.801765
32,26,360.000000
33,26,360.000000
34,26,360.000000
35,26,360.000000
36,26,360.000000
37,26,360.000000
38,26,360.000000
39,26,360.000000
40,26,360.000000
41,26,360.000000
42,26,360.000000
43,26,360.000000
44,26,360.000000
45,26,360.000000
46,26,360.000000
47,26,360.000000
48,26,360.000000
49,26,355.783890
50,26,351.700127
51,26,347.835403
52,26,344.229216
53,26,340.888876
54,26,337.803939
55,26,334.955821
56,26,332.323263
57,26,329.885106
58,26,327.621550
59,26,325.514607
60,26,323.548164
61,26,321.707865
62,26,319.980925
63,26,318.355930
64,26,316.822647
65,26,315.371854
66,26,313.995190
67,26,312.685026
68,26,311.434358
69,26,310.236712
70,26,309.086066
71,26,307.976778
72,26,306.903532
73,26,305.861283
74,26,304.845213
75,26,303.850691
76,26,302.873234
77,26,301.908477
78,26,300.952141
79,26,300.000000
0,27,300.000000
1,27,300.883298
2,27,301.770451
3,27,302.665341
4,27,303.571896
5,27,304.494117
6,27,305.436108
7,27,306.402099
8,27,307.396482
9,27,308.423840
10,27,309.488988
11,27,310.597016
12,27,311.753335
13,27,312.963733
14,27,314.234441
15,27,315.572210
16,27,316.984395
17,27,318.479066
18,27,320.065129
19,27,321.752474
20,27,323.552153
21,27,325.476587
22,27,327.539808
23,27,329.757730
24,27,332.148452
25,27,334.732540
26,27,337.533198
27,27,340.576089
28,27,343.888184
29,27,347.494146
30,27,351.406881
31,27,355.606125
32,27,360.000000
33,27,360.000000
34,27,360.000000
35,27,360.000000
36,27,360.000000
37,27,360.000000
38,27,360.000000
39,27,360.000000
40,27,360.000000
41,27,360.000000
42,27,360.000000
43,27,360.000000
44,27,360.000000
45,27,360.000000
46,27,360.000000
47,27,360.000000
48,27,360.000000
49,27,355.588108
50,27,351.371096
51,27,347.440893
52,27,343.817691
53,27,340.488456
54,27,337.428393
55,27,334.610398
56,27,332.008687
57,27,329.599938
58,27,327.363480
59,27,325.281108
60,27,323.336805
61,27,321.516440
62,27,319.807491
63,27,318.198805
64,27,316.680386
65,27,315.243221
66,27,313.879130
67,27,312.580639
68,27,311.340877
69,27,310.153484
70,27,309.012534
71,27,307.912471
72,27,306.848054
73,27,305.814302
74,27,304.806457
75,27,303.819940
76,27,302.850316
77,27,301.893267
78,27,300.944556
79,27,300.000000
0,28,300.000000
1,28,300.872363
2,28,301.748522
3,28,302.632295
4,28,303.527546
5,28,304.438212
6,28,305.368323
7,28,306.322032
8,28,307.303647
9,28,308.317656
10,28,309.368769
11,28,310.461952
12,28,311.602479
13,28,312.795977
14,28,314.048488
15,28,315.366543
16,28,316.757238
17,28,318.228339
18,28,319.788395
19,28,321.446885
20,28,323.214397
21,28,325.102846
22,28,327.125766
23,28,329.298682
24,28,331.639627
25,28,334.169865
26,28,336.914942
27,28,339.906196
28,28,343.182722
29,28,346.792949
30,28,350.791516
31,28,355.215856
32,28,360.000000
33,28,360.000000
34,28,360.000000
35,28,360.000000
36,28,360.000000
37,28,360.000000
38,28,360.000000
39,28,360.000000
40,28,360.000000
41,28,360.000000
42,28,360.000000
43,28,360.000000
44,28,360.000000
45,28,360.000000
46,28,360.000000
47,28,360.000000
48,28,360.000000
49,28,355.197445
50,28,350.755256
51,28,346.739383
52,28,343.112200
53,28,339.818866
54,28,336.810778
55,28,334.048694
56,28,331.501149
57,28,329.142482
58,28,326.951324
59,28,324.909542
60,28,323.001510
61,28,321.213600
62,28,319.533797
63,28,317.951416
64,28,316.456874
65,28,315.041518
66,28,313.697472
67,28,312.417526
68,28,311.195030
69,28,310.023814
70,28,308.898115
71,28,307.812521
72,28,306.761912
73,28,305.741417
74,28,304.746375
75,28,303.772295
76,28,302.814825
77,28,301.869721
78,28,300.932817
79,28,300.000000
0,29,300.000000
1,29,300.857634
2,29,301.718979
3,29,302.587770
4,29,303.467784
5,29,304.362863
6,29,305.276940
7,29,306.214063
8,29,307.178420
9,29,308.174372
10,29,309.206481
11,29,310.279548
12,29,311.398656
13,29,312.569210
14,29,313.796995
15,29,315.088238
16,29,316.449679
17,29,317.888660
18,29,319.413230
19,29,321.032279
20,29,322.755706
21,29,324.594637
22,29,326.561731
23,29,328.671608
24,29,330.941511
25,29,333.392352
26,29,336.050512
27,29,338.951032
28,29,342.143560
29,29,345.703415
30,29,349.750377
31,29,354.465782
32,29,360.000000
33,29,360.000000
34,29,360.000000
35,29,360.000000
36,29,360.000000
37,29,360.000000
38,29,360.000000
39,29,360.000000
40,29,360.000000
41,29,360.000000
42,29,360.000000
43,29,360.000000
44,29,360.000000
45,29,360.000000
46,29,360.000000
47,29,360.000000
48,29,360.000000
49,29,354.446418
50,29,349.713099
51,29,345.649185
52,29,342.072861
53,29,338.864031
54,29,335.947162
55,29,333.272453
56,29,330.804734
57,29,328.517520
58,29,326.389796
59,29,324.404226
60,29,322.546097
61,29,320.802656
62,29,319.162685
63,29,317.616188
64,29,316.154179
65,29,314.768505
66,29,313.451717
67,29,312.196965
68,29,310.997905
69,29,309.848627
70,29,308.743595
71,29,307.677588
72,29,306.645656
73,29,305.643080
74,29,304.665332
75,29,303.708041
76,29,302.766969
77,29,301.837974
78,29,300.916990
79,29,300.000000
0,30,300.000000
1,30,300.839193
2,30,301.681992
3,30,302.532025
4,30,303.392957
5,30,304.268517
6,30,305.162513
7,30,306.078861
8,30,307.021601
9,30,307.994933
10,30,309.003237
11,30,310.051108
12,30,311.143389
13,30,312.285214
14,30,313.482047
15,30,314.739739
16,30,316.064584
17,30,317.463395
18,30,318.943589
19,30,320.513299
20,30,322.181514
21,30,323.958270
22,30,325.854916
23,30,327.884513
24,30,330.062458
25,30,332.407525
26,30,334.943723
27,30,337.703861
28,30,340.737072
29,30,344.126776
30,30,348.040796
31,30,352.896895
32,30,360.000000
33,30,360.000000
34,30,360.000000
35,30,360.000000
36,30,360.000000
37,30,360.000000
38,30,360.000000
39,30,360.000000
40,30,360.000000
41,30,360.000000
42,30,360.000000
43,30,360.000000
44,30,360.000000
45,30,360.000000
46,30,360.000000
47,30,360.000000
48,30,360.000000
49,30,352.875129
50,30,348.001537
51,30,344.071398
52,30,340.666030
53,30,337.617235
54,30,334.841389
55,30,332.289222
56,30,329.927817
57,30,327.733069
58,30,325.686116
59,30,323.771474
60,30,321.975996
61,30,320.288245
62,30,318.698099
63,30,317.196477
64,30,315.775152
65,30,314.426608
66,30,313.143930
67,30,311.920715
68,30,310.750999
69,30,309.629198
70,30,308.550051
71,30,307.508580
72,30,306.500047
73,30,305.519918
74,30,304.563831
75,30,303.627571
76,30,302.707035
77,30,301.798216
78,30,300.897170
79,30,300.000000
0,31,300.000000
1,31,300.817145
2,31,301.637772
3,31,302.465380
4,31,303.303505
5,31,304.155736
6,31,305.025738
7,31,305.917267
8,31,306.834193
9,31,307.780525
10,31,308.760429
11,31,309.778259
12,31,310.838583
13,31,311.946214
14,31,313.106245
15,31,314.324090
16,31,315.605526
17,31,316.956749
18,31,318.384435
19,31,319.895817
20,31,321.498785
21,31,323.202015
22,31,325.015152
23,31,326.949072
24,31,329.016286
25,31,331.231569
26,31,333.612997
27,31,336.183621
28,31,338.974093
29,31,342.025822
30,31,345.389136
31,31,349.081004
32,31,352.803344
33,31,354.340620
34,31,355.094242
35,31,355.516467
36,31,355.773973
37,31,355.936792
38,31,356.037711
39,31,356.093020
40,31,356.110455
41,31,356.092303
42,31,356.036232
43,31,355.934448
44,31,355.770581
45,31,355.511714
46,31,355.087557
47,31,354.330859
48,31,352.787855
49,31,349.052561
50,31,345.346524
51,31,341.968841
52,31,338.902628
53,31,336.097492
54,31,333.511937
55,31,331.115231
56,31,328.884244
57,31,326.800827
58,31,324.850127
59,31,323.019559
60,31,321.298169
61,31,319.676233
62,31,318.144992
63,31,316.696471
64,31,315.323345
65,31,314.018847
66,31,312.776681
67,31,311.590967
68,31,310.456181
69,31,309.367115
70,31,308.318833
71,31,307.306637
72,31,306.326035
73,31,305.372713
74,31,304.442506
75,31,303.531376
76,31,302.635387
77,31,301.750685
78,31,300.873475
79,31,300.000000
0,32,300.000000
1,32,300.791616
2,32,301.586571
3,32,302.388219
4,32,303.199946
5,32,304.025187
6,32,304.867438
7,32,305.730277
8,32,306.617382
9,32,307.532546
10,32,308.479697
11,32,309.462919
12,32,310.486472
13,32,311.554815
14,32,312.672632
15,32,313.844852
16,32,315.076685
17,32,316.373645
18,32,317.741589
19,32,319.186753
20,32,320.715796
21,32,322.335856
22,32,324.054607
23,32,325.880341
24,32,327.822046
25,32,329.889472
26,32,332.093076
27,32,334.443534
28,32,336.949857
29,32,339.613286
30,32,342.408922
31,32,345.234642
32,32,347.791754
33,32,349.464892
34,32,350.519881
35,32,351.197654
36,32,351.642633
37,32,351.935485
38,32,352.121033
39,32,352.223913
40,32,352.256495
41,32,352.222527
42,32,352.118177
43,32,351.930978
44,32,351.636164
45,32,351.188718
46,32,350.507657
47,32,349.448023
48,32,347.768002
49,32,345.200734
50,32,342.363159
51,32,339.554814
52,32,336.878151
53,32,334.358168
54,32,331.993638
55,32,329.775523
56,32,327.693104
57,32,325.735868
58,32,323.894007
59,32,322.158468
60,32,320.520891
61,32,318.973528
62,32,317.509168
63,32,316.121070
64,32,314.802914
65,32,313.548755
66,32,312.352983
67,32,311.210292
68,32,310.115646
69,32,309.064251
70,32,308.051531
71,32,307.073101
72,32,306.124745
73,32,305.202394
74,32,304.302104
75,32,303.420040
76,32,302.552453
77,32,301.695663
78,32,300.846043
79,32,300.000000
0,33,300.000000
1,33,300.762749
2,33,301.528677
3,33,302.300980
4,33,303.082876
5,33,303.877628
6,33,304.688550
7,33,305.519024
8,33,306.372515
9,33,307.252583
10,33,308.162897
11,33,309.107250
12,33,310.089573
13,33,311.113947
14,33,312.184618
15,33,313.306006
16,33,314.482720
17,33,315.719560
18,33,317.021526
19,33,318.393811
20,33,319.841795
21,33,321.371008
22,33,322.987084
23,33,324.695642
24,33,326.502087
25,33,328.411198
26,33,330.426303
27,33,332.547584
28,33,334.768519
29,33,337.068542
30,33,339.398625
31,33,341.656889
32,33,343.664139
33,33,345.207316
34,33,346.322736
35,33,347.111635
36,33,347.663419
37,33,348.041482
38,33,348.287024
39,33,348.425105
40,33,348.469087
41,33,348.423131
42,33,348.282971
43,33,348.035123
44,33,347.654379
45,33,347.099337
46,33,346.306329
47,33,345.185574
48,33,343.635398
49,33,341.619214
50,33,339.350565
51,33,337.009106
52,33,334.696993
53,33,332.463393
54,33,330.328926
55,33,328.300122
56,33,326.376781
57,33,324.555538
58,33,322.831569
59,33,321.199416
60,33,319.653400
61,33,318.187823
62,33,316.797084
63,33,315.475730
64,33,314.218489
65,33,313.020278
66,33,311.876207
67,33,310.781574
68,33,309.731860
69,33,308.722713
70,33,307.749941
71,33,306.809493
72,33,305.897452
73,33,305.010015
74,33,304.143478
75,33,303.294229
76,33,302.458722
77,33,301.633472
78,33,300.815036
79,33,300.000000
0,34,300.000000
1,34,300.730701
2,34,301.464411
3,34,302.204147
4,34,302.952953
5,34,303.713901
6,34,304.490111
7,34,305.284756
8,34,306.101073
9,34,306.942376
10,34,307.812060
11,34,308.713615
12,34,309.650626
13,34,310.626785
14,34,311.645889
15,34,312.711837
16,34,313.828631
17,34,315.000352
18,34,316.231145
19,34,317.525175
20,34,318.886566
21,34,320.319302
22,34,321.827080
23,34,323.413058
24,34,325.079466
25,34,326.826931
26,34,328.653357
27,34,330.551981
28,34,332.508095
29,34,334.493742
30,34,336.460148
31,34,338.330152
32,34,340.000596
33,34,341.377497
34,34,342.452112
35,34,343.262731
36,34,343.857929
37,34,344.279999
38,34,344.560477
39,34,344.720394
40,34,344.771618
41,34,344.717941
42,34,344.555455
43,34,344.272164
44,34,343.846892
45,34,343.247922
46,34,342.432748
47,34,341.352547
48,34,339.968802
49,34,338.290162
50,34,336.410782
51,34,334.434054
52,34,332.437325
53,34,330.469485
54,34,328.558553
55,34,326.719259
56,34,324.958361
57,34,323.277935
58,34,321.677315
59,34,320.154231
60,34,318.705471
61,34,317.327282
62,34,316.015616
63,34,314.766280
64,34,313.575036
65,34,312.437663
66,34,311.349994
67,34,310.307941
68,34,309.307509
69,34,308.344803
70,34,307.416026
71,34,306.517480
72,34,305.645557
73,34,304.796735
74,34,303.967567
75,34,303.154675
76,34,302.354734
77,34,301.564466
78,34,300.780629
79,34,300.000000
0,35,300.000000
1,35,300.695646
2,35,301.394117
3,35,302.098247
4,35,302.810887
5,35,303.534913
6,35,304.273239
7,35,305.028816
8,35,305.804648
9,35,306.603789
10,35,307.429356
11,35,308.284525
12,35,309.172534
13,35,310.096682
14,35,311.060317
15,35,312.066827
16,35,313.119617
17,35,314.222075
18,35,315.377531
19,35,316.589182
20,35,317.859993
21,35,319.192558
22,35,320.588877
23,35,322.050049
24,35,323.575789
25,35,325.163707
26,35,326.808216
27,35,328.498891
28,35,330.218139
29,35,331.938183
30,35,333.618073
31,35,335.202976
32,35,336.630598
33,35,337.849965
34,35,338.845486
35,35,339.629247
36,35,340.225568
37,35,340.660108
38,35,340.954493
39,35,341.124375
40,35,341.179052
41,35,341.121559
42,35,340.948744
43,35,340.651187
44,35,340.213102
45,35,339.612713
46,35,338.824195
47,35,337.823064
48,35,336.597102
49,35,335.161850
50,35,333.568347
51,35,331.879004
52,35,330.148767
53,35,328.418672
54,35,326.716544
55,35,325.060002
56,35,323.459472
57,35,321.920527
58,35,320.445528
59,35,319.034725
60,35,317.686974
61,35,316.400221
62,35,315.171820
63,35,313.998739
64,35,312.877714
65,35,311.805346
66,35,310.778166
67,35,309.792687
68,35,308.845435
69,35,307.932965
70,35,307.051884
71,35,306.198845
72,35,305.370562
73,35,304.563801
74,35,303.775382
75,35,303.002170
76,35,302.241073
77,35,301.489032
78,35,300.743012
79,35,300.000000
0,36,300.000000
1,36,300.657766
2,36,301.318166
3,36,301.983837
4,36,302.657434
5,36,303.341628
6,36,304.039116
7,36,304.752625
8,36,305.484914
9,36,306.238779
10,36,307.017052
11,36,307.822596
12,36,308.658306
13,36,309.527094
14,36,310.431874
15,36,311.375540
16,36,312.360936
17,36,313.390804
18,36,314.467725
19,36,315.594030
20,36,316.771671
21,36,318.002061
22,36,319.285825
23,36,320.622474
24,36,322.009935
25,36,323.443894
26,36,324.916909
27,36,326.417230
28,36,327.927387
29,36,329.422782
30,36,330.870986
31,36,332.233083
32,36,333.468855
33,36,334.546280
34,36,335.450622
35,36,336.183203
36,36,336.754988
37,36,337.180373
38,36,337.473011
39,36,337.643563
40,36,337.698657
41,36,337.640499
42,36,337.466774
43,36,337.170739
44,36,336.741618
45,36,336.165631
46,36,335.428257
47,36,334.518413
48,36,333.434692
49,36,332.191790
50,36,330.821751
51,36,329.364851
52,36,327.860070
53,36,326.339892
54,36,324.828951
55,36,323.344736
56,36,321.898999
57,36,320.499174
58,36,319.149549
59,36,317.852167
60,36,316.607479
61,36,315.414812
62,36,314.272704
63,36,313.179144
64,36,312.131739
65,36,311.127843
66,36,310.164639
67,36,309.239210
68,36,308.348578
69,36,307.489742
70,36,306.659699
71,36,305.855456
72,36,305.074046
73,36,304.312528
74,36,303.567990
75,36,302.837552
76,36,302.118358
77,36,301.407575
78,36,300.702390
79,36,300.000000
0,37,300.000000
1,37,300.617254
2,37,301.236942
3,37,301.861503
4,37,302.493386
5,37,303.135050
6,37,303.788975
7,37,304.457655
8,37,305.143607
9,37,305.849364
10,37,306.577477
11,37,307.330504
12,37,308.111004
13,37,308.921516
14,37,309.764546
15,37,310.642527
16,37,311.557785
17,37,312.512482
18,37,313.508540
19,37,314.547543
20,37,315.630604
21,37,316.758191
22,37,317.929889
23,37,319.144091
24,37,320.397584
25,37,321.685029
26,37,322.998299
27,37,324.325736
28,37,325.651398
29,37,326.954572
30,37,328.210008
31,37,329.389517
32,37,330.465460
33,37,331.415677
34,37,332.227522
35,37,332.897955
36,37,333.430811
37,37,333.833384
38,37,334.113617
39,37,334.278209
40,37,334.331516
41,37,334.275007
42,37,334.107114
43,37,333.823378
44,37,333.417002
45,37,332.879937
46,37,332.204790
47,37,331.387641
48,37,330.431462
49,37,329.348868
50,37,328.162019
51,37,326.898579
52,37,325.586770
53,37,324.251876
54,37,322.914632
55,37,321.590993
56,37,320.292618
57,37,319.027622
58,37,317.801327
59,37,316.616917
60,37,315.475965
61,37,314.378845
62,37,313.325043
63,37,312.313394
64,37,311.342257
65,37,310.409648
66,37,309.513340
67,37,308.650937
68,37,307.819927
69,37,307.017728
70,37,306.241714
71,37,305.489235
72,37,304.757639
73,37,304.044274
74,37,303.346501
75,37,302.661691
76,37,301.987231
77,37,301.320521
78,37,300.658972
79,37,300.000000
0,38,300.000000
1,38,300.574307
2,38,301.150846
3,38,301.731849
4,38,302.319556
5,38,302.916214
6,38,303.524078
7,38,304.145415
8,38,304.782495
9,38,305.437595
10,38,306.112990
11,38,306.810943
12,38,307.533690
13,38,308.283425
14,38,309.062268
15,38,309.872238
16,38,310.715198
17,38,311.592802
18,38,312.506412
19,38,313.457000
20,38,314.445013
21,38,315.470213
22,38,316.531453
23,38,317.626418
24,38,318.751285
25,38,319.900338
26,38,321.065525
27,38,322.236019
28,38,323.397898
29,38,324.534103
30,38,325.624959
31,38,326.649518
32,38,327.587793
33,38,328.423447
34,38,329.145833
35,38,329.750287
36,38,330.236916
37,38,330.608735
38,38,330.869865
39,38,331.024143
40,38,331.074189
41,38,331.020902
42,38,330.863295
43,38,330.598660
44,38,330.223073
45,38,329.732326
46,38,329.123326
47,38,328.395897
48,38,327.554650
49,38,326.610202
50,38,325.578880
51,38,324.480677
52,38,323.336557
53,38,322.166212
54,38,320.986711
55,38,319.811986
56,38,318.652858
57,38,317.517370
58,38,316.411223
59,38,315.338211
60,38,314.300622
61,38,313.299562
62,38,312.335232
63,38,311.407135
64,38,310.514248
65,38,309.655154
66,38,308.828138
67,38,308.031271
68,38,307.262467
69,38,306.519532
70,38,305.800194
71,38,305.102134
72,38,304.423001
73,38,303.760430
74,38,303.112048
75,38,302.475479
76,38,301.848355
77,38,301.228308
78,38,300.612976
79,38,300.000000
0,39,300.000000
1,39,300.529130
2,39,301.060285
3,39,301.595491
4,39,302.136776
5,39,302.686172
6,39,303.245712
7,39,303.817432
8,39,304.403364
9,39,305.005533
10,39,305.625948
11,39,306.266588
12,39,306.929391
13,39,307.616225
14,39,308.328868
15,39,309.068962
16,39,309.837971
17,39,310.637118
18,39,311.467309
19,39,312.329032
20,39,313.222240
21,39,314.146196
22,39,315.099296
23,39,316.078843
24,39,317.080802
25,39,318.099517
26,39,319.127444
27,39,320.154920
28,39,321.170074
29,39,322.158984
30,39,323.106209
31,39,323.995804
32,39,324.812747
33,39,325.544487
34,39,326.182077
35,39,326.720444
36,39,327.157833
37,39,327.494775
38,39,327.732967
39,39,327.874307
40,39,327.920195
41,39,327.871116
42,39,327.726507
43,39,327.484894
44,39,327.144305
45,39,326.702969
46,39,326.160293
47,39,325.517973
48,39,324.781040
49,39,323.958411
50,39,323.062622
51,39,322.108693
52,39,321.112571
53,39,320.089703
54,39,319.054017
55,39,318.017383
56,39,316.989459
57,39,315.977781
58,39,314.987984
59,39,314.024085
60,39,313.088749
61,39,312.183551
62,39,311.309188
63,39,310.465666
64,39,309.652450
65,39,308.868583
66,39,308.112788
67,39,307.383543
68,39,306.679141
69,39,305.997740
70,39,305.337398
71,39,304.696106
72,39,304.071803
73,39,303.462399
74,39,302.865781
75,39,302.279825
76,39,301.702402
77,39,301.131380
78,39,300.564623
79,39,300.000000
0,40,300.000000
1,40,300.481929
2,40,300.965675
3,40,301.453055
4,40,301.945886
5,40,302.445986
6,40,302.955167
7,40,303.475238
8,40,304.007998
9,40,304.555227
10,40,305.118681
11,40,305.700074
12,40,306.301061
13,40,306.923221
14,40,307.568018
15,40,308.236772
16,40,308.930607
17,40,309.650393
18,40,310.396676
19,40,311.169582
20,40,311.968719
21,40,312.793039
22,40,313.640693
23,40,314.508860
24,40,315.393563
25,40,316.289486
26,40,317.189816
27,40,318.086143
28,40,318.968497
29,40,319.825550
30,40,320.645090
31,40,321.414743
32,40,322.122905
33,40,322.759678
34,40,323.317544
35,40,323.791581
36,40,324.179198
37,40,324.479566
38,40,324.692921
39,40,324.819926
40,40,324.861169
41,40,324.816860
42,40,324.686724
43,40,324.470106
44,40,324.166282
45,40,323.774955
46,40,323.296902
47,40,322.734664
48,40,322.093127
49,40,321.379780
50,40,320.604507
51,40,319.778901
52,40,318.915333
53,40,318.026015
54,40,317.122271
55,40,316.214072
56,40,315.309817
57,40,314.416310
58,40,313.538851
59,40,312.681396
60,40,311.846741
61,40,311.036707
62,40,310.252306
63,40,309.493894
64,40,308.761303
65,40,308.053941
66,40,307.370890
67,40,306.710973
68,40,306.072814
69,40,305.454888
70,40,304.855555
71,40,304.273090
72,40,303.705708
73,40,303.151582
74,40,302.608852
75,40,302.075639
76,40,301.550050
77,40,301.030185
78,40,300.514138
79,40,300.000000
0,41,300.000000
1,41,300.432910
2,41,300.867430
3,41,301.305167
4,41,301.747729
5,41,302.196719
6,41,302.653732
7,41,303.120357
8,41,303.598163
9,41,304.088699
10,41,304.593478
11,41,305.113965
12,41,305.651562
13,41,306.207580
14,41,306.783213
15,41,307.379503
16,41,307.997293
17,41,308.637175
18,41,309.299420
19,41,309.983905
20,41,310.690017
21,41,311.416549
22,41,312.161578
23,41,312.922342
24,41,313.695106
25,41,314.475052
26,41,315.256190
27,41,316.031343
28,41,316.792220
29,41,317.529632
30,41,318.233859
31,41,318.895173
32,41,319.504454
33,41,320.053777
34,41,320.536843
35,41,320.949137
36,41,321.287813
37,41,321.551370
38,41,321.739227
39,41,321.851306
40,41,321.887696
41,41,321.848432
42,41,321.733423
43,41,321.542525
44,41,321.275763
45,41,320.933668
46,41,320.517696
47,41,320.030654
48,41,319.477023
49,41,318.863078
50,41,318.196725
51,41,317.487074
52,41,316.743845
53,41,315.976753
54,41,315.194982
55,41,314.406817
56,41,313.619428
57,41,312.838792
58,41,312.069714
59,41,311.315908
60,41,310.580115
61,41,309.864231
62,41,309.169434
63,41,308.496304
64,41,307.844927
65,41,307.214990
66,41,306.605860
67,41,306.016646
68,41,305.446257
69,41,304.893445
70,41,304.356843
71,41,303.834990
72,41,303.326359
73,41,302.829370
74,41,302.342407
75,41,301.863829
76,41,301.391975
77,41,300.925173
78,41,300.461743
79,41,300.000000
0,42,300.000000
1,42,300.382283
2,42,300.765968
3,42,301.152456
4,42,301.543145
5,42,301.939428
6,42,302.342688
7,42,302.754295
8,42,303.175601
9,42,303.607929
10,42,304.052567
11,42,304.510749
12,42,304.983643
13,42,305.472325
14,42,305.977753
15,42,306.500736
16,42,307.041890
17,42,307.601594
18,42,308.179926
19,42,308.776602
20,42,309.390898
21,42,310.021564
22,42,310.666732
23,42,311.323825
24,42,311.989470
25,42,312.659426
26,42,313.328552
27,42,313.990820
28,42,314.639411
29,42,315.266900
30,42,315.865541
31,42,316.427638
32,42,316.945962
33,42,317.414135
34,42,317.826914
35,42,318.180311
36,42,318.471549
37,42,318.698876
38,42,318.861311
39,42,318.958377
40,42,318.989878
41,42,318.955750
42,42,318.856010
43,42,318.690809
44,42,318.460578
45,42,318.166258
46,42,317.809562
47,42,317.393234
48,42,316.921234
49,42,316.398783
50,42,315.832241
51,42,315.228826
52,42,314.596222
53,42,313.942170
54,42,313.274088
55,42,312.598788
56,42,311.922288
57,42,311.249718
58,42,310.585306
59,42,309.932408
60,42,309.293581
61,42,308.670670
62,42,308.064898
63,42,307.476961
64,42,306.907112
65,42,306.355235
66,42,305.820915
67,42,305.303495
68,42,304.802123
69,42,304.315794
70,42,303.843383
71,42,303.383671
72,42,302.935368
73,42,302.497132
74,42,302.067578
75,42,301.645294
76,42,301.228848
77,42,300.816789
78,42,300.407661
79,42,300.000000
0,43,300.000000
1,43,300.330253
2,43,300.661702
3,43,300.995544
4,43,301.332969
5,43,301.675162
6,43,302.023297
7,43,302.378535
8,43,302.742016
9,43,303.114851
10,43,303.498112
11,43,303.892823
12,43,304.299938
13,43,304.720324
14,43,305.154740
15,43,305.603799
16,43,306.067941
17,43,306.547386
18,43,307.042089
19,43,307.551681
20,43,308.075411
21,43,308.612078
22,43,309.159961
23,43,309.716758
24,43,310.279523
25,43,310.844632
26,43,311.407772
27,43,311.963974
28,43,312.507705
29,43,313.033018
30,43,313.533767
31,43,314.003877
32,43,314.437621
33,43,314.829888
34,43,315.176367
35,43,315.473646
36,43,315.719196
37,43,315.911274
38,43,316.048763
39,43,316.131013
40,43,316.157690
41,43,316.128681
42,43,316.044060
43,43,315.904122
44,43,315.709484
45,43,315.461225
46,43,315.161060
47,43,314.811488
48,43,314.415898
49,43,313.978580
50,43,313.504632
51,43,312.999766
52,43,312.470049
53,43,311.921619
54,43,311.360413
55,43,310.791960
56,43,310.221217
57,43,309.652488
58,43,309.089385
59,43,308.534838
60,43,307.991133
61,43,307.459969
62,43,306.942527
63,43,306.439532
64,43,305.951325
65,43,305.477923
66,43,305.019071
67,43,304.574297
68,43,304.142948
69,43,303.724227
70,43,303.317225
71,43,302.920942
72,43,302.534312
73,43,302.156211
74,43,301.785479
75,43,301.420924
76,43,301.061332
77,43,300.705475
78,43,300.352113
79,43,300.000000
0,44,300.000000
1,44,300.277026
2,44,300.555045
3,44,300.835049
4,44,301.118025
5,44,301.404953
6,44,301.696804
7,44,301.994534
8,44,302.299079
9,44,302.611346
10,44,302.932210
11,44,303.262494
12,44,303.602962
13,44,303.954297
14,44,304.317084
15,44,304.691780
16,44,305.078689
17,44,305.477922
18,44,305.889364
19,44,306.312623
20,44,306.746989
21,44,307.191376
22,44,307.644279
23,44,308.103723
24,44,308.567233
25,44,309.031808
26,44,309.493931
27,44,309.949602
28,44,310.394419
29,44,310.823699
30,44,311.232634
31,44,311.616481
32,44,311.970760
33,44,312.291429
34,44,312.575020
35,44,312.818709
36,44,313.020317
37,44,313.178260
38,44,313.291456
39,44,313.359223
40,44,313.381188
41,44,313.357224
42,44,313.287426
43,44,313.172137
44,44,313.012011
45,44,312.808100
46,44,312.561965
47,44,312.275759
48,44,311.952290
49,44,311.595008
50,44,311.207941
51,44,310.795557
52,44,310.362591
53,44,309.913842
54,44,309.453987
55,44,308.987421
56,44,308.518134
57,44,308.049633
58,44,307.584910
59,44,307.126427
60,44,306.676144
61,44,306.235549
62,44,305.805710
63,44,305.387316
64,44,304.980736
65,44,304.586061
66,44,304.203151
67,44,303.831675
68,44,303.471144
69,44,303.120941
70,44,302.780347
71,44,302.448563
72,44,302.124726
73,44,301.807923
74,44,301.497204
75,44,301.191590
76,44,300.890083
77,44,300.591666
78,44,300.295316
79,44,300.000000
0,45,300.000000
1,45,300.222806
2,45,300.446403
3,45,300.671582
4,45,300.899129
5,45,301.129823
6,45,301.364434
7,45,301.603719
8,45,301.848419
9,45,302.099247
10,45,302.356887
11,45,302.621982
12,45,302.895119
13,45,303.176820
14,45,303.467520
15,45,303.767551
16,45,304.077113
17,45,304.396251
18,45,304.724822
19,45,305.062461
20,45,305.408546
21,45,305.762160
22,45,306.122055
23,45,306.486625
24,45,306.853880
25,45,307.221439
26,45,307.586542
27,45,307.946083
28,45,308.296672
29,45,308.634727
30,45,308.956590
31,45,309.258655
32,45,309.537508
33,45,309.790049
34,45,310.013577
35,45,310.205854
36,45,310.365104
37,45,310.489994
38,45,310.579578
39,45,310.633236
40,45,310.650617
41,45,310.631600
42,45,310.576283
43,45,310.484991
44,45,310.358322
45,45,310.197200
46,45,310.002939
47,45,309.777296
48,45,309.522495
49,45,309.241222
50,45,308.936566
51,45,308.611932
52,45,308.270917
53,45,307.917172
54,45,307.554274
55,45,307.185605
56,45,306.814263
57,45,306.443003
58,45,306.074194
59,45,305.709817
60,45,305.351466
61,45,305.000376
62,45,304.657447
63,45,304.323287
64,45,303.998242
65,45,303.682434
66,45,303.375798
67,45,303.078110
68,45,302.789013
69,45,302.508046
70,45,302.234660
71,45,301.968238
72,45,301.708106
73,45,301.453551
74,45,301.203823
75,45,300.958151
76,45,300.715742
77,45,300.475791
78,45,300.237484
79,45,300.000000
0,46,300.000000
1,46,300.167794
2,46,300.336180
3,46,300.505749
4,46,300.677086
5,46,300.850775
6,46,301.027389
7,46,301.207491
8,46,301.391630
9,46,301.580336
10,46,301.774112
11,46,301.973428
12,46,302.178714
13,46,302.390344
14,46,302.608627
15,46,302.833790
16,46,303.065962
17,46,303.305148
18,46,303.551213
19,46,303.803854
20,46,304.062576
21,46,304.326663
22,46,304.595158
23,46,304.866843
24,46,305.140223
25,46,305.413526
26,46,305.684716
27,46,305.951516
28,46,306.211459
29,46,306.461949
30,46,306.700343
31,46,306.924040
32,46,307.130571
33,46,307.317680
34,46,307.483387
35,46,307.626025
36,46,307.744252
37,46,307.837035
38,46,307.903627
39,46,307.943526
40,46,307.956443
41,46,307.942279
42,46,307.901115
43,46,307.833222
44,46,307.739086
45,46,307.619439
46,46,307.475297
47,46,307.307991
48,46,307.119174
49,46,306.910818
50,46,306.685169
51,46,306.444689
52,46,306.191973
53,46,305.929657
54,46,305.660332
55,46,305.386461
56,46,305.110313
57,46,304.833921
58,46,304.559048
59,46,304.287181
60,46,304.019529
61,46,303.757040
62,46,303.500418
63,46,303.250145
64,46,303.006511
65,46,302.769636
66,46,302.539498
67,46,302.315953
68,46,302.098753
69,46,301.887571
70,46,301.682011
71,46,301.481622
72,46,301.285911
73,46,301.094351
74,46,300.906388
75,46,300.721449
76,46,300.538943
77,46,300.358273
78,46,300.178829
79,46,300.000000
0,47,300.000000
1,47,300.112191
2,47,300.224775
3,47,300.338146
4,47,300.452692
5,47,300.568802
6,47,300.686855
7,47,300.807226
8,47,300.930276
9,47,301.056356
10,47,301.185796
11,47,301.318906
12,47,301.455965
13,47,301.597215
14,47,301.742854
15,47,301.893023
16,47,302.047796
17,47,302.207166
18,47,302.371029
19,47,302.539168
20,47,302.711241
21,47,302.886758
22,47,303.065073
23,47,303.245366
24,47,303.426642
25,47,303.607728
26,47,303.787280
27,47,303.963808
28,47,304.135700
29,47,304.301268
30,47,304.458794
31,47,304.606592
32,47,304.743056
33,47,304.866714
34,47,304.976266
35,47,305.070609
36,47,305.148842
37,47,305.210268
38,47,305.254370
39,47,305.280798
40,47,305.289351
41,47,305.279957
42,47,305.252675
43,47,305.207697
44,47,305.145361
45,47,305.066173
46,47,304.970820
47,47,304.860195
48,47,304.735394
49,47,304.597708
50,47,304.448605
51,47,304.289683
52,47,304.122628
53,47,303.949151
54,47,303.770937
55,47,303.589594
56,47,303.406609
57,47,303.223320
58,47,303.040897
59,47,302.860330
60,47,302.682430
61,47,302.507839
62,47,302.337039
63,47,302.170363
64,47,302.008020
65,47,301.850102
66,47,301.696607
67,47,301.547450
68,47,301.402475
69,47,301.261474
70,47,301.124190
71,47,300.990328
72,47,300.859566
73,47,300.731555
74,47,300.605930
75,47,300.482312
76,47,300.360310
77,47,300.239527
78,47,300.119560
79,47,300.000000
0,48,300.000000
1,48,300.056194
2,48,300.112584
3,48,300.169366
4,48,300.226736
5,48,300.284886
6,48,300.344006
7,48,300.404281
8,48,300.465893
9,48,300.529015
10,48,300.593812
11,48,300.660435
12,48,300.729024
13,48,300.799697
14,48,300.872551
15,48,300.947652
16,48,301.025035
17,48,301.104692
18,48,301.186567
19,48,301.270549
20,48,301.356462
21,48,301.444057
22,48,301.533009
23,48,301.622907
24,48,301.713253
25,48,301.803462
26,48,301.892870
27,48,301.980736
28,48,302.066266
29,48,302.148627
30,48,302.226975
31,48,302.300479
32,48,302.368347
33,48,302.429854
34,48,302.484355
35,48,302.531302
36,48,302.570242
37,48,302.600824
38,48,302.622785
39,48,302.635947
40,48,302.640205
41,48,302.635524
42,48,302.621932
43,48,302.599530
44,48,302.568490
45,48,302.529070
46,48,302.481617
47,48,302.426577
48,48,302.364497
49,48,302.296016
50,48,302.221858
51,48,302.142812
52,48,302.059705
53,48,301.973382
54,48,301.884672
55,48,301.794368
56,48,301.703208
57,48,301.611855
58,48,301.520891
59,48,301.430811
60,48,301.342022
61,48,301.254849
62,48,301.169534
63,48,301.086250
64,48,301.005104
65,48,300.926146
66,48,300.849379
67,48,300.774763
68,48,300.702225
69,48,300.631662
70,48,300.562947
71,48,300.495936
72,48,300.430468
73,48,300.366372
74,48,300.303465
75,48,300.241559
76,48,300.180459
77,48,300.119967
78,48,300.059882
79,48,300.000000
0,49,300.000000
1,49,300.000000
2,49,300.000000
3,49,300.000000
4,49,300.000000
5,49,300.000000
6,49,300.000000
7,49,300.000000
8,49,300.000000
9,49,300.000000
10,49,300.000000
11,49,300.000000
12,49,300.000000
13,49,300.000000
14,49,300.000000
15,49,300.000000
16,49,300.000000
17,49,300.000000
18,49,300.000000
19,49,300.000000
20,49,300.000000
21,49,300.000000
22,49,300.000000
23,49,300.000000
24,49,300.000000
25,49,300.000000
26,49,300.000000
27,49,300.000000
28,49,300.000000
29,49,300.000000
30,49,300.000000
31,49,300.000000
32,49,300.000000
33,49,300.000000
34,49,300.000000
35,49,300.000000
36,49,300.000000
37,49,300.000000
38,49,300.000000
39,49,300.000000
40,49,300.000000
41,49,300.000000
42,49,300.000000
43,49,300.000000
44,49,300.000000
45,49,300.000000
46,49,300.000000
47,49,300.000000
48,49,300.000000
49,49,300.000000
50,49,300.000000
51,49,300.000000
52,49,300.000000
53,49,300.000000
54,49,300.000000
55,49,300.000000
56,49,300.000000
57,49,300.000000
58,49,300.000000
59,49,300.000000
60,49,300.000000
61,49,300.000000
62,49,300.000000
63,49,300.000000
64,49,300.000000
65,49,300.000000
66,49,300.000000
67,49,300.000000
68,49,300.000000
69,49,300.000000
70,49,300.000000
71,49,300.000000
72,49,300.000000
73,49,300.000000
74,49,300.000000
75,49,300.000000
76,49,300.000000
77,49,300.000000
78,49,300.000000
79,49,300.000000
